dims,sites,replicas,segment,temperature_k,duration_s,released_ar40_mean,released_ar40_ci95_low,released_ar40_ci95_high,released_ar40_defined_replicas,released_ar40_missing_replicas,released_ar40_distribution,released_ar39_mean,released_ar39_ci95_low,released_ar39_ci95_high,released_ar39_defined_replicas,released_ar39_missing_replicas,released_ar39_distribution,released_ar36_mean,released_ar36_ci95_low,released_ar36_ci95_high,released_ar36_defined_replicas,released_ar36_missing_replicas,released_ar36_distribution,cumulative_ar40_fraction_mean,cumulative_ar40_fraction_ci95_low,cumulative_ar40_fraction_ci95_high,cumulative_ar40_fraction_defined_replicas,cumulative_ar40_fraction_missing_replicas,cumulative_ar40_fraction_distribution,cumulative_ar39_fraction_mean,cumulative_ar39_fraction_ci95_low,cumulative_ar39_fraction_ci95_high,cumulative_ar39_fraction_defined_replicas,cumulative_ar39_fraction_missing_replicas,cumulative_ar39_fraction_distribution,cumulative_ar36_fraction_mean,cumulative_ar36_fraction_ci95_low,cumulative_ar36_fraction_ci95_high,cumulative_ar36_fraction_defined_replicas,cumulative_ar36_fraction_missing_replicas,cumulative_ar36_fraction_distribution,apparent_age_ma_mean,apparent_age_ma_ci95_low,apparent_age_ma_ci95_high,apparent_age_ma_defined_replicas,apparent_age_ma_missing_replicas,apparent_age_ma_distribution,ar36_ar40_mean,ar36_ar40_ci95_low,ar36_ar40_ci95_high,ar36_ar40_defined_replicas,ar36_ar40_missing_replicas,ar36_ar40_distribution
4x4x6,768,32,1,773.15,600.0,4.3125,3.71875,4.96875,32,0,1.0;5.0;4.0;4.0;10.0;3.0;1.0;5.0;4.0;3.0;6.0;4.0;4.0;5.0;2.0;4.0;4.0;5.0;6.0;8.0;5.0;3.0;4.0;5.0;3.0;7.0;3.0;7.0;4.0;3.0;3.0;3.0,2.375,1.84375,3.03125,32,0,3.0;4.0;2.0;1.0;1.0;2.0;1.0;2.0;3.0;0.0;0.0;2.0;3.0;2.0;4.0;2.0;0.0;3.0;2.0;5.0;3.0;3.0;1.0;2.0;8.0;5.0;2.0;4.0;1.0;1.0;2.0;2.0,0.78125,0.5,1.0625,32,0,1.0;1.0;1.0;0.0;0.0;1.0;0.0;0.0;2.0;1.0;1.0;3.0;2.0;0.0;1.0;0.0;1.0;2.0;1.0;0.0;1.0;1.0;0.0;2.0;0.0;0.0;0.0;1.0;0.0;2.0;0.0;0.0,0.4255606882904677,0.3723057120575503,0.47799688057040995,32,0,0.125;0.35714285714285715;0.4;0.23529411764705882;0.6666666666666666;0.2727272727272727;0.09090909090909091;0.3125;0.5;0.5;0.6;0.5;0.4;0.625;0.3333333333333333;0.36363636363636365;0.5;0.5;0.6;0.7272727272727273;0.45454545454545453;0.5;0.4444444444444444;0.5;0.5;0.5;0.1875;0.5833333333333334;0.36363636363636365;0.3;0.375;0.3,0.061341927116698065,0.047890053599778395,0.07604677764597156,32,0,0.09090909090909091;0.0975609756097561;0.05555555555555555;0.034482758620689655;0.029411764705882353;0.05405405405405406;0.024390243902439025;0.05;0.075;0.0;0.0;0.047619047619047616;0.075;0.04081632653061224;0.10526315789473684;0.05405405405405406;0.0;0.1;0.044444444444444446;0.125;0.08823529411764706;0.061224489795918366;0.02564102564102564;0.047619047619047616;0.18181818181818182;0.1282051282051282;0.045454545454545456;0.1111111111111111;0.02857142857142857;0.030303030303030304;0.05405405405405406;0.05714285714285714,0.41025641025641024,0.2692307692307692,0.5512820512820513,26,6,0.3333333333333333;0.3333333333333333;1.0;0.0;0.16666666666666666;0.0;0.0;1.0;0.5;1.0;0.6;0.5;0.3333333333333333;0.3333333333333333;0.6666666666666666;0.3333333333333333;1.0;1.0;0.6666666666666666;0.0;0.0;0.5;0.0;0.4;0.0;0.0,38.33263096864714,28.571680678497707,50.9451764653464,29,3,6.003590280849123;22.41118527612692;35.72546869236823;70.75719493646272;171.94692369533618;26.860206555566755;17.951165168984453;44.54737974088309;23.895411780661444;35.72546869236823;23.895411780661444;44.54737974088309;8.997909996462337;35.72546869236823;29.82013702184839;53.326361612023085;28.63674753074174;29.82013702184839;17.951165168984453;70.75719493646272;44.54737974088309;6.752636259849137;25.08191443079816;26.860206555566755;31.298283122159482;70.75719493646272;53.326361612023085;26.860206555566755;26.860206555566755,0.2216517857142857,0.14010416666666667,0.31361607142857145,32,0,1.0;0.2;0.25;0.0;0.0;0.3333333333333333;0.0;0.0;0.5;0.3333333333333333;0.16666666666666666;0.75;0.5;0.0;0.5;0.0;0.25;0.4;0.16666666666666666;0.0;0.2;0.3333333333333333;0.0;0.4;0.0;0.0;0.0;0.14285714285714285;0.0;0.6666666666666666;0.0;0.0
4x4x6,768,32,2,823.15,600.0,5.75,4.9375,6.625,32,0,7.0;6.0;6.0;11.0;5.0;7.0;10.0;10.0;4.0;3.0;4.0;4.0;6.0;3.0;4.0;6.0;4.0;5.0;4.0;3.0;6.0;3.0;5.0;4.0;3.0;7.0;13.0;5.0;7.0;7.0;5.0;7.0,5.59375,4.78125,6.40625,32,0,5.0;7.0;2.0;7.0;7.0;2.0;4.0;5.0;6.0;3.0;4.0;5.0;4.0;9.0;5.0;7.0;8.0;2.0;11.0;4.0;8.0;11.0;7.0;7.0;5.0;3.0;3.0;2.0;6.0;5.0;8.0;7.0,1.09375,0.6875,1.53125,32,0,1.0;2.0;0.0;1.0;0.0;5.0;3.0;3.0;0.0;1.0;0.0;2.0;1.0;0.0;2.0;0.0;2.0;1.0;2.0;0.0;0.0;0.0;0.0;1.0;0.0;1.0;1.0;1.0;1.0;3.0;0.0;1.0,0.978867157658518,0.9592983073911383,0.9934826203208557,32,0,1.0;0.7857142857142857;1.0;0.8823529411764706;1.0;0.9090909090909091;1.0;0.9375;1.0;1.0;1.0;1.0;1.0;1.0;1.0;0.9090909090909091;1.0;1.0;1.0;1.0;1.0;1.0;1.0;0.9;1.0;1.0;1.0;1.0;1.0;1.0;1.0;1.0,0.20539772258155917,0.18294179894151097,0.22588899732561132,32,0,0.24242424242424243;0.2682926829268293;0.1111111111111111;0.27586206896551724;0.23529411764705882;0.10810810810810811;0.12195121951219512;0.175;0.225;0.07142857142857142;0.0975609756097561;0.16666666666666666;0.175;0.22448979591836735;0.23684210526315788;0.24324324324324326;0.1951219512195122;0.16666666666666666;0.28888888888888886;0.225;0.3235294117647059;0.2857142857142857;0.20512820512820512;0.21428571428571427;0.29545454545454547;0.20512820512820512;0.11363636363636363;0.16666666666666666;0.2;0.18181818181818182;0.2702702702702703;0.2571428571428571,0.9198717948717949,0.8301282051282051,0.9871794871794872,26,6,0.6666666666666666;1.0;1.0;0.5;1.0;1.0;1.0;1.0;1.0;1.0;1.0;0.75;1.0;1.0;1.0;1.0;1.0;1.0;1.0;1.0;1.0;1.0;1.0;1.0;0.0;1.0,23.93064922151398,18.57314276618111,30.174047507829,32,0,25.08191443079816;15.397623037772691;53.326361612023085;28.129342882619888;12.840461426779685;62.06283008719537;44.54737974088309;35.72546869236823;11.987268119553633;17.951165168984453;17.951165168984453;14.37519330538855;26.860206555566755;6.003590280849122;14.37519330538855;15.397623037772691;8.997909996462337;44.54737974088309;6.5483818339864825;13.480091716942077;13.480091716942077;4.91351338091387;12.840461426779685;10.279670060685056;10.792119208997768;41.61153334114395;76.5302469492191;44.54737974088309;20.925736682936844;25.08191443079816;11.240392838960984;17.951165168984453,0.1864203504828505,0.12097641941391941,0.25812364718614716,32,0,0.14285714285714285;0.3333333333333333;0.0;0.09090909090909091;0.0;0.7142857142857143;0.3;0.3;0.0;0.3333333333333333;0.0;0.5;0.16666666666666666;0.0;0.5;0.0;0.5;0.2;0.5;0.0;0.0;0.0;0.0;0.25;0.0;0.14285714285714285;0.07692307692307693;0.2;0.14285714285714285;0.42857142857142855;0.0;0.14285714285714285
4x4x6,768,32,3,873.15,600.0,0.28125,0.09375,0.53125,32,0,0.0;3.0;0.0;2.0;0.0;1.0;0.0;1.0;0.0;0.0;0.0;0.0;0.0;0.0;0.0;1.0;0.0;0.0;0.0;0.0;0.0;0.0;0.0;1.0;0.0;0.0;0.0;0.0;0.0;0.0;0.0;0.0,20.40625,19.15625,21.625,32,0,18.0;21.0;20.0;10.0;18.0;21.0;23.0;20.0;19.0;21.0;28.0;27.0;19.0;25.0;20.0;17.0;22.0;15.0;23.0;18.0;17.0;23.0;22.0;20.0;23.0;23.0;23.0;23.0;21.0;16.0;16.0;21.0,0.125,0.03125,0.25,32,0,1.0;0.0;0.0;1.0;0.0;0.0;0.0;0.0;0.0;0.0;0.0;0.0;1.0;0.0;0.0;0.0;0.0;0.0;0.0;0.0;0.0;0.0;0.0;0.0;0.0;0.0;0.0;0.0;0.0;0.0;1.0;0.0,1.0,1.0,1.0,32,0,1.0;1.0;1.0;1.0;1.0;1.0;1.0;1.0;1.0;1.0;1.0;1.0;1.0;1.0;1.0;1.0;1.0;1.0;1.0;1.0;1.0;1.0;1.0;1.0;1.0;1.0;1.0;1.0;1.0;1.0;1.0;1.0,0.7299757309445838,0.7067181081166346,0.7532686975062614,32,0,0.7878787878787878;0.7804878048780488;0.6666666666666666;0.6206896551724138;0.7647058823529411;0.6756756756756757;0.6829268292682927;0.675;0.7;0.5714285714285714;0.7804878048780488;0.8095238095238095;0.65;0.7346938775510204;0.7631578947368421;0.7027027027027027;0.7317073170731707;0.6666666666666666;0.8;0.675;0.8235294117647058;0.7551020408163265;0.7692307692307693;0.6904761904761905;0.8181818181818182;0.7948717948717948;0.6363636363636364;0.8055555555555556;0.8;0.6666666666666666;0.7027027027027027;0.8571428571428571,1.0,1.0,1.0,26,6,1.0;1.0;1.0;1.0;1.0;1.0;1.0;1.0;1.0;1.0;1.0;1.0;1.0;1.0;1.0;1.0;1.0;1.0;1.0;1.0;1.0;1.0;1.0;1.0;1.0;1.0,0.3094806637989883,0.0804816881193294,0.6155955578449612,32,0,0.0;2.575414019818541;0.0;3.604551078248342;0.0;0.858879908868938;0.0;0.9018131727422838;0.0;0.0;0.0;0.0;0.0;0.0;0.0;1.0609098891472375;0.0;0.0;0.0;0.0;0.0;0.0;0.0;0.9018131727422838;0.0;0.0;0.0;0.0;0.0;0.0;0.0;0.0,0.08333333333333333,0.0,0.25,6,26,0.0;0.5;0.0;0.0;0.0;0.0
4x4x6,768,32,4,923.15,600.0,0.0,0.0,0.0,32,0,0.0;0.0;0.0;0.0;0.0;0.0;0.0;0.0;0.0;0.0;0.0;0.0;0.0;0.0;0.0;0.0;0.0;0.0;0.0;0.0;0.0;0.0;0.0;0.0;0.0;0.0;0.0;0.0;0.0;0.0;0.0;0.0,10.21875,9.21875,11.21875,32,0,6.0;9.0;12.0;11.0;8.0;12.0;12.0;13.0;11.0;17.0;8.0;7.0;14.0;13.0;8.0;11.0;11.0;10.0;9.0;12.0;6.0;12.0;9.0;13.0;8.0;8.0;16.0;7.0;7.0;11.0;11.0;5.0,0.0,0.0,0.0,32,0,0.0;0.0;0.0;0.0;0.0;0.0;0.0;0.0;0.0;0.0;0.0;0.0;0.0;0.0;0.0;0.0;0.0;0.0;0.0;0.0;0.0;0.0;0.0;0.0;0.0;0.0;0.0;0.0;0.0;0.0;0.0;0.0,1.0,1.0,1.0,32,0,1.0;1.0;1.0;1.0;1.0;1.0;1.0;1.0;1.0;1.0;1.0;1.0;1.0;1.0;1.0;1.0;1.0;1.0;1.0;1.0;1.0;1.0;1.0;1.0;1.0;1.0;1.0;1.0;1.0;1.0;1.0;1.0,0.99365567639998,0.9896218164591079,0.9969875145180023,32,0,0.9696969696969697;1.0;1.0;1.0;1.0;1.0;0.975609756097561;1.0;0.975;0.9761904761904762;0.975609756097561;0.9761904761904762;1.0;1.0;0.9736842105263158;1.0;1.0;1.0;1.0;0.975;1.0;1.0;1.0;1.0;1.0;1.0;1.0;1.0;1.0;1.0;1.0;1.0,1.0,1.0,1.0,26,6,1.0;1.0;1.0;1.0;1.0;1.0;1.0;1.0;1.0;1.0;1.0;1.0;1.0;1.0;1.0;1.0;1.0;1.0;1.0;1.0;1.0;1.0;1.0;1.0;1.0;1.0,0.0,0.0,0.0,32,0,0.0;0.0;0.0;0.0;0.0;0.0;0.0;0.0;0.0;0.0;0.0;0.0;0.0;0.0;0.0;0.0;0.0;0.0;0.0;0.0;0.0;0.0;0.0;0.0;0.0;0.0;0.0;0.0;0.0;0.0;0.0;0.0,,,,0,32,
4x4x6,768,32,5,973.15,600.0,0.0,0.0,0.0,32,0,0.0;0.0;0.0;0.0;0.0;0.0;0.0;0.0;0.0;0.0;0.0;0.0;0.0;0.0;0.0;0.0;0.0;0.0;0.0;0.0;0.0;0.0;0.0;0.0;0.0;0.0;0.0;0.0;0.0;0.0;0.0;0.0,0.0,0.0,0.0,32,0,0.0;0.0;0.0;0.0;0.0;0.0;0.0;0.0;0.0;0.0;0.0;0.0;0.0;0.0;0.0;0.0;0.0;0.0;0.0;0.0;0.0;0.0;0.0;0.0;0.0;0.0;0.0;0.0;0.0;0.0;0.0;0.0,0.0,0.0,0.0,32,0,0.0;0.0;0.0;0.0;0.0;0.0;0.0;0.0;0.0;0.0;0.0;0.0;0.0;0.0;0.0;0.0;0.0;0.0;0.0;0.0;0.0;0.0;0.0;0.0;0.0;0.0;0.0;0.0;0.0;0.0;0.0;0.0,1.0,1.0,1.0,32,0,1.0;1.0;1.0;1.0;1.0;1.0;1.0;1.0;1.0;1.0;1.0;1.0;1.0;1.0;1.0;1.0;1.0;1.0;1.0;1.0;1.0;1.0;1.0;1.0;1.0;1.0;1.0;1.0;1.0;1.0;1.0;1.0,0.99365567639998,0.9897836201159773,0.9975095851810791,32,0,0.9696969696969697;1.0;1.0;1.0;1.0;1.0;0.975609756097561;1.0;0.975;0.9761904761904762;0.975609756097561;0.9761904761904762;1.0;1.0;0.9736842105263158;1.0;1.0;1.0;1.0;0.975;1.0;1.0;1.0;1.0;1.0;1.0;1.0;1.0;1.0;1.0;1.0;1.0,1.0,1.0,1.0,26,6,1.0;1.0;1.0;1.0;1.0;1.0;1.0;1.0;1.0;1.0;1.0;1.0;1.0;1.0;1.0;1.0;1.0;1.0;1.0;1.0;1.0;1.0;1.0;1.0;1.0;1.0,,,,0,32,,,,,0,32,
6x6x9,2592,32,1,773.15,600.0,12.03125,10.6875,13.53125,32,0,14.0;12.0;11.0;12.0;14.0;12.0;14.0;5.0;9.0;7.0;11.0;10.0;8.0;9.0;13.0;22.0;18.0;9.0;12.0;6.0;18.0;12.0;18.0;11.0;10.0;17.0;9.0;10.0;6.0;9.0;20.0;17.0,5.375,4.71875,6.09375,32,0,4.0;2.0;5.0;12.0;2.0;4.0;7.0;5.0;5.0;6.0;3.0;7.0;5.0;6.0;6.0;6.0;6.0;9.0;6.0;4.0;8.0;5.0;5.0;6.0;5.0;5.0;2.0;5.0;7.0;5.0;4.0;5.0,2.4375,1.9375,3.0,32,0,3.0;2.0;4.0;4.0;1.0;3.0;4.0;2.0;3.0;4.0;1.0;2.0;1.0;2.0;1.0;3.0;1.0;1.0;4.0;1.0;2.0;3.0;1.0;3.0;4.0;2.0;0.0;8.0;3.0;3.0;1.0;1.0,0.3357869312994677,0.30892978415535244,0.36435944220344046,32,0,0.3684210526315789;0.3333333333333333;0.4074074074074074;0.36363636363636365;0.3783783783783784;0.32432432432432434;0.3888888888888889;0.16129032258064516;0.23076923076923078;0.21875;0.34375;0.3448275862068966;0.2962962962962963;0.2647058823529412;0.4642857142857143;0.4583333333333333;0.4186046511627907;0.3;0.32432432432432434;0.2222222222222222;0.36;0.32432432432432434;0.46153846153846156;0.3055555555555556;0.30303030303030304;0.4146341463414634;0.2647058823529412;0.38461538461538464;0.1935483870967742;0.25;0.43478260869565216;0.4358974358974359,0.0421018389702207,0.036996540261994296,0.04783347313295819,32,0,0.028368794326241134;0.017857142857142856;0.04065040650406504;0.0916030534351145;0.014705882352941176;0.03361344537815126;0.0546875;0.038461538461538464;0.03875968992248062;0.046153846153846156;0.022222222222222223;0.058333333333333334;0.047619047619047616;0.04285714285714286;0.047619047619047616;0.05172413793103448;0.05;0.0661764705882353;0.04878048780487805;0.03076923076923077;0.06722689075630252;0.03937007874015748;0.03676470588235294;0.04316546762589928;0.03787878787878788;0.03731343283582089;0.017241379310344827;0.034482758620689655;0.051470588235294115;0.04201680672268908;0.030303030303030304;0.0390625,0.30985680985680986,0.26203770188145187,0.3558739004051504,32,0,0.25;0.4;0.4;0.4;0.16666666666666666;0.375;0.36363636363636365;0.25;0.5;0.5;0.14285714285714285;0.2222222222222222;0.3333333333333333;0.3333333333333333;0.5;0.23076923076923078;0.2;0.14285714285714285;0.4444444444444444;0.125;0.25;0.42857142857142855;0.14285714285714285;0.375;0.4;0.18181818181818182;0.0;0.6153846153846154;0.375;0.3333333333333333;0.3333333333333333;0.2,46.14790083659768,37.40979489686889,55.98482457219865,32,0,62.06283008719537;105.1216094605372;39.259411476660084;17.951165168984453;122.06142607579794;53.326361612023085;35.72546869236823;17.951165168984453;32.184589803952726;20.925736682936844;64.96560981965193;25.590176785055803;28.63674753074174;26.860206555566755;38.67090153358295;64.96560981965193;53.326361612023085;17.951165168984453;35.72546869236823;26.860206555566755;40.14181658816481;42.786445277496014;63.80505833897043;32.775219115008035;35.72546869236823;60.3189177092502;79.40986003387032;35.72546869236823;15.397623037772691;32.184589803952726;88.02122347001985;60.3189177092502,0.2330346685585656,0.17775290987607165,0.29677566102198455,32,0,0.21428571428571427;0.16666666666666666;0.36363636363636365;0.3333333333333333;0.07142857142857142;0.25;0.2857142857142857;0.4;0.3333333333333333;0.5714285714285714;0.09090909090909091;0.2;0.125;0.2222222222222222;0.07692307692307693;0.13636363636363635;0.05555555555555555;0.1111111111111111;0.3333333333333333;0.16666666666666666;0.1111111111111111;0.25;0.05555555555555555;0.2727272727272727;0.4;0.11764705882352941;0.0;0.8;0.5;0.3333333333333333;0.05;0.058823529411764705
6x6x9,2592,32,2,823.15,600.0,22.03125,20.75,23.21875,32,0,24.0;23.0;14.0;21.0;22.0;24.0;21.0;23.0;29.0;24.0;20.0;19.0;17.0;24.0;13.0;25.0;25.0;21.0;22.0;21.0;28.0;24.0;20.0;25.0;22.0;23.0;24.0;15.0;24.0;24.0;24.0;20.0,21.125,19.84375,22.5,32,0,21.0;22.0;19.0;20.0;16.0;20.0;29.0;23.0;18.0;22.0;16.0;27.0;23.0;27.0;24.0;18.0;21.0;20.0;14.0;23.0;17.0;23.0;23.0;30.0;17.0;20.0;19.0;23.0;25.0;19.0;18.0;19.0,4.96875,4.21875,5.6875,32,0,9.0;2.0;5.0;6.0;5.0;5.0;7.0;5.0;3.0;4.0;5.0;7.0;2.0;3.0;1.0;10.0;4.0;6.0;5.0;6.0;6.0;4.0;6.0;5.0;6.0;9.0;1.0;5.0;5.0;6.0;2.0;4.0,0.9652808103894356,0.9548689802507847,0.9744706341693496,32,0,1.0;0.9722222222222222;0.9259259259259259;1.0;0.972972972972973;0.972972972972973;0.9722222222222222;0.9032258064516129;0.9743589743589743;0.96875;0.96875;1.0;0.9259259259259259;0.9705882352941176;0.9285714285714286;0.9791666666666666;1.0;1.0;0.918918918918919;1.0;0.92;0.972972972972973;0.9743589743589743;1.0;0.9696969696969697;0.975609756097561;0.9705882352941176;0.9615384615384616;0.967741935483871;0.9166666666666666;0.9565217391304348;0.9487179487179487,0.20778924227753007,0.19577901175945936,0.2205268772753214,32,0,0.1773049645390071;0.21428571428571427;0.1951219512195122;0.24427480916030533;0.1323529411764706;0.20168067226890757;0.28125;0.2153846153846154;0.17829457364341086;0.2153846153846154;0.14074074074074075;0.2833333333333333;0.26666666666666666;0.2357142857142857;0.23809523809523808;0.20689655172413793;0.225;0.21323529411764705;0.16260162601626016;0.2076923076923077;0.21008403361344538;0.2204724409448819;0.20588235294117646;0.2589928057553957;0.16666666666666666;0.1865671641791045;0.1810344827586207;0.19310344827586207;0.23529411764705882;0.20168067226890757;0.16666666666666666;0.1875,0.9575148809523809,0.9179315476190476,0.9869791666666666,32,0,1.0;0.8;0.9;1.0;1.0;1.0;1.0;0.875;1.0;1.0;0.8571428571428571;1.0;1.0;0.8333333333333334;1.0;1.0;1.0;1.0;1.0;0.875;1.0;1.0;1.0;1.0;1.0;1.0;0.5;1.0;1.0;1.0;1.0;1.0,19.381513803669908,17.677398630390652,21.054987110790297,32,0,20.501098052165048;18.762898462546193;13.244464835590373;18.844051707628804;24.63706737774783;21.52006289964604;13.016933814135967;17.951165168984453;28.834033026537316;19.574266686028814;22.41118527612692;12.650897781075717;13.285445634376956;15.965389278337618;9.74571403390717;24.88421817127154;21.35027538697968;18.844051707628804;28.129342882619888;16.397265663351938;29.472161861254705;18.72761330427708;15.619813716605773;14.971681065659556;23.19710435390341;20.62850013650208;22.645618024751883;11.727520481857097;17.236537623690523;22.645618024751883;23.89541178066144;18.89103349683457,0.22873757689575375,0.19409480763911544,0.26279459385008586,32,0,0.375;0.08695652173913043;0.35714285714285715;0.2857142857142857;0.22727272727272727;0.20833333333333334;0.3333333333333333;0.21739130434782608;0.10344827586206896;0.16666666666666666;0.25;0.3684210526315789;0.11764705882352941;0.125;0.07692307692307693;0.4;0.16;0.2857142857142857;0.22727272727272727;0.2857142857142857;0.21428571428571427;0.16666666666666666;0.3;0.2;0.2727272727272727;0.391304347826087;0.041666666666666664;0.3333333333333333;0.20833333333333334;0.25;0.08333333333333333;0.2
6x6x9,2592,32,3,873.15,600.0,1.21875,0.875,1.5625,32,0,0.0;1.0;2.0;0.0;1.0;1.0;1.0;3.0;1.0;1.0;1.0;0.0;2.0;1.0;2.0;1.0;0.0;0.0;3.0;0.0;4.0;1.0;1.0;0.0;1.0;1.0;1.0;1.0;1.0;3.0;2.0;2.0,65.8125,63.09375,68.5625,32,0,77.0;55.0;67.0;60.0;73.0;62.0;60.0;56.0;82.0;74.0;73.0;59.0;49.0;69.0;66.0;57.0;55.0;62.0;61.0;61.0;66.0;64.0;69.0;74.0;74.0;60.0;69.0;67.0;73.0;59.0;74.0;79.0,0.21875,0.09375,0.375,32,0,0.0;1.0;1.0;0.0;0.0;0.0;0.0;1.0;0.0;0.0;1.0;0.0;0.0;1.0;0.0;0.0;0.0;0.0;0.0;1.0;0.0;0.0;0.0;0.0;0.0;0.0;1.0;0.0;0.0;0.0;0.0;0.0,1.0,1.0,1.0,32,0,1.0;1.0;1.0;1.0;1.0;1.0;1.0;1.0;1.0;1.0;1.0;1.0;1.0;1.0;1.0;1.0;1.0;1.0;1.0;1.0;1.0;1.0;1.0;1.0;1.0;1.0;1.0;1.0;1.0;1.0;1.0;1.0,0.7222420927237811,0.7053233591143871,0.7393664248872527,32,0,0.723404255319149;0.7053571428571429;0.7398373983739838;0.7022900763358778;0.6691176470588235;0.7226890756302521;0.75;0.6461538461538462;0.813953488372093;0.7846153846153846;0.6814814814814815;0.775;0.7333333333333333;0.7285714285714285;0.7619047619047619;0.6982758620689655;0.6833333333333333;0.6691176470588235;0.6585365853658537;0.676923076923077;0.7647058823529411;0.7244094488188977;0.7132352941176471;0.7913669064748201;0.7272727272727273;0.6343283582089553;0.7758620689655172;0.6551724137931034;0.7720588235294118;0.6974789915966386;0.7272727272727273;0.8046875,1.0,1.0,1.0,32,0,1.0;1.0;1.0;1.0;1.0;1.0;1.0;1.0;1.0;1.0;1.0;1.0;1.0;1.0;1.0;1.0;1.0;1.0;1.0;1.0;1.0;1.0;1.0;1.0;1.0;1.0;1.0;1.0;1.0;1.0;1.0;1.0,0.3421846788915042,0.24138991753806058,0.44728346778127814,32,0,0.0;0.3279842231567652;0.5384501500961242;0.0;0.24711693956928385;0.29095673226597435;0.3006544819065393;0.9662111528845794;0.21999600228527236;0.24377774707787853;0.24711693956928385;0.0;0.7362078104634783;0.2614415212900599;0.5466072499033185;0.3164770141445894;0.0;0.0;0.8870329841102949;0.0;1.093048936499576;0.2818650446331711;0.2614415212900599;0.0;0.24377774707787853;0.3006544819065393;0.2614415212900599;0.2692451634733753;0.24711693956928385;0.9170942574031163;0.4875225578931319;0.4566706047685008,0.19333333333333333,0.06,0.3466666666666666,25,7,1.0;0.5;0.0;0.0;0.0;0.3333333333333333;0.0;0.0;1.0;0.0;1.0;0.0;0.0;0.0;0.0;0.0;0.0;0.0;0.0;1.0;0.0;0.0;0.0;0.0;0.0
6x6x9,2592,32,4,923.15,600.0,0.0,0.0,0.0,32,0,0.0;0.0;0.0;0.0;0.0;0.0;0.0;0.0;0.0;0.0;0.0;0.0;0.0;0.0;0.0;0.0;0.0;0.0;0.0;0.0;0.0;0.0;0.0;0.0;0.0;0.0;0.0;0.0;0.0;0.0;0.0;0.0,34.625,32.3125,37.09375,32,0,39.0;31.0;30.0;38.0;45.0;32.0;30.0;46.0;24.0;25.0;42.0;27.0;27.0;37.0;29.0;34.0;37.0;44.0;40.0;42.0;28.0;35.0;37.0;29.0;33.0;48.0;26.0;48.0;31.0;36.0;33.0;25.0,0.0,0.0,0.0,32,0,0.0;0.0;0.0;0.0;0.0;0.0;0.0;0.0;0.0;0.0;0.0;0.0;0.0;0.0;0.0;0.0;0.0;0.0;0.0;0.0;0.0;0.0;0.0;0.0;0.0;0.0;0.0;0.0;0.0;0.0;0.0;0.0,1.0,1.0,1.0,32,0,1.0;1.0;1.0;1.0;1.0;1.0;1.0;1.0;1.0;1.0;1.0;1.0;1.0;1.0;1.0;1.0;1.0;1.0;1.0;1.0;1.0;1.0;1.0;1.0;1.0;1.0;1.0;1.0;1.0;1.0;1.0;1.0,0.9924109342416687,0.9896115885531316,0.9950796669072394,32,0,1.0;0.9821428571428571;0.983739837398374;0.9923664122137404;1.0;0.9915966386554622;0.984375;1.0;1.0;0.9769230769230769;0.9925925925925926;1.0;0.9904761904761905;0.9928571428571429;0.9920634920634921;0.9913793103448276;0.9916666666666667;0.9926470588235294;0.983739837398374;1.0;1.0;1.0;0.9852941176470589;1.0;0.9772727272727273;0.9925373134328358;1.0;0.9862068965517241;1.0;1.0;0.9772727272727273;1.0,1.0,1.0,1.0,32,0,1.0;1.0;1.0;1.0;1.0;1.0;1.0;1.0;1.0;1.0;1.0;1.0;1.0;1.0;1.0;1.0;1.0;1.0;1.0;1.0;1.0;1.0;1.0;1.0;1.0;1.0;1.0;1.0;1.0;1.0;1.0;1.0,0.0,0.0,0.0,32,0,0.0;0.0;0.0;0.0;0.0;0.0;0.0;0.0;0.0;0.0;0.0;0.0;0.0;0.0;0.0;0.0;0.0;0.0;0.0;0.0;0.0;0.0;0.0;0.0;0.0;0.0;0.0;0.0;0.0;0.0;0.0;0.0,,,,0,32,
6x6x9,2592,32,5,973.15,600.0,0.0,0.0,0.0,32,0,0.0;0.0;0.0;0.0;0.0;0.0;0.0;0.0;0.0;0.0;0.0;0.0;0.0;0.0;0.0;0.0;0.0;0.0;0.0;0.0;0.0;0.0;0.0;0.0;0.0;0.0;0.0;0.0;0.0;0.0;0.0;0.0,0.0,0.0,0.0,32,0,0.0;0.0;0.0;0.0;0.0;0.0;0.0;0.0;0.0;0.0;0.0;0.0;0.0;0.0;0.0;0.0;0.0;0.0;0.0;0.0;0.0;0.0;0.0;0.0;0.0;0.0;0.0;0.0;0.0;0.0;0.0;0.0,0.0,0.0,0.0,32,0,0.0;0.0;0.0;0.0;0.0;0.0;0.0;0.0;0.0;0.0;0.0;0.0;0.0;0.0;0.0;0.0;0.0;0.0;0.0;0.0;0.0;0.0;0.0;0.0;0.0;0.0;0.0;0.0;0.0;0.0;0.0;0.0,1.0,1.0,1.0,32,0,1.0;1.0;1.0;1.0;1.0;1.0;1.0;1.0;1.0;1.0;1.0;1.0;1.0;1.0;1.0;1.0;1.0;1.0;1.0;1.0;1.0;1.0;1.0;1.0;1.0;1.0;1.0;1.0;1.0;1.0;1.0;1.0,0.9924109342416687,0.9897468778055879,0.9950193676793455,32,0,1.0;0.9821428571428571;0.983739837398374;0.9923664122137404;1.0;0.9915966386554622;0.984375;1.0;1.0;0.9769230769230769;0.9925925925925926;1.0;0.9904761904761905;0.9928571428571429;0.9920634920634921;0.9913793103448276;0.9916666666666667;0.9926470588235294;0.983739837398374;1.0;1.0;1.0;0.9852941176470589;1.0;0.9772727272727273;0.9925373134328358;1.0;0.9862068965517241;1.0;1.0;0.9772727272727273;1.0,1.0,1.0,1.0,32,0,1.0;1.0;1.0;1.0;1.0;1.0;1.0;1.0;1.0;1.0;1.0;1.0;1.0;1.0;1.0;1.0;1.0;1.0;1.0;1.0;1.0;1.0;1.0;1.0;1.0;1.0;1.0;1.0;1.0;1.0;1.0;1.0,,,,0,32,,,,,0,32,
8x8x12,6144,32,1,773.15,600.0,23.1875,21.59375,24.90625,32,0,23.0;24.0;23.0;20.0;23.0;28.0;32.0;15.0;23.0;23.0;19.0;23.0;35.0;19.0;28.0;27.0;27.0;20.0;21.0;27.0;19.0;13.0;24.0;26.0;19.0;25.0;24.0;29.0;26.0;15.0;20.0;22.0,12.34375,11.15625,13.59375,32,0,8.0;14.0;12.0;16.0;17.0;10.0;9.0;10.0;12.0;18.0;7.0;11.0;12.0;7.0;17.0;14.0;19.0;13.0;17.0;12.0;15.0;9.0;13.0;8.0;11.0;10.0;14.0;20.0;11.0;10.0;10.0;9.0,5.0625,4.40625,5.75,32,0,7.0;6.0;6.0;2.0;5.0;0.0;4.0;2.0;7.0;6.0;4.0;6.0;4.0;4.0;4.0;5.0;4.0;9.0;3.0;8.0;4.0;7.0;5.0;6.0;3.0;6.0;8.0;5.0;7.0;5.0;6.0;4.0,0.288720349797241,0.2698842815732627,0.30842506983313145,32,0,0.23711340206185566;0.2553191489361702;0.3898305084745763;0.21978021978021978;0.3108108108108108;0.3218390804597701;0.37209302325581395;0.23076923076923078;0.2911392405063291;0.2948717948717949;0.2923076923076923;0.26744186046511625;0.43209876543209874;0.2345679012345679;0.3146067415730337;0.3253012048192771;0.2967032967032967;0.22988505747126436;0.2876712328767123;0.3333333333333333;0.2261904761904762;0.19402985074626866;0.27906976744186046;0.2988505747126437;0.31666666666666665;0.32051282051282054;0.2857142857142857;0.42028985507246375;0.2736842105263158;0.2;0.25;0.23655913978494625,0.03967711675598564,0.036016600961511214,0.0434534733355415,32,0,0.02622950819672131;0.04472843450479233;0.038338658146964855;0.05351170568561873;0.052795031055900624;0.03194888178913738;0.02786377708978328;0.034129692832764506;0.040268456375838924;0.06040268456375839;0.024475524475524476;0.03678929765886288;0.041237113402061855;0.02287581699346405;0.05214723926380368;0.043076923076923075;0.058823529411764705;0.041401273885350316;0.04857142857142857;0.04152249134948097;0.05;0.026865671641791045;0.04113924050632911;0.02531645569620253;0.03225806451612903;0.03058103975535168;0.04416403785488959;0.06514657980456026;0.03426791277258567;0.033783783783783786;0.03460207612456748;0.030405405405405407,0.3011574739007982,0.2611498615441146,0.337836998527788,32,0,0.4117647058823529;0.375;0.46153846153846156;0.16666666666666666;0.25;0.0;0.3333333333333333;0.13333333333333333;0.5;0.23076923076923078;0.3076923076923077;0.35294117647058826;0.3076923076923077;0.2222222222222222;0.3333333333333333;0.23809523809523808;0.21052631578947367;0.47368421052631576;0.23076923076923078;0.4;0.26666666666666666;0.4117647058823529;0.20833333333333334;0.375;0.23076923076923078;0.2727272727272727;0.47058823529411764;0.25;0.3684210526315789;0.25;0.2857142857142857;0.3076923076923077,35.75910517903225,32.12179616159124,39.813068608415634,32,0,51.135617912939765;30.664940228344022;34.25094698012029;22.41118527612692;24.24446415952043;49.81989361893084;63.03094238008376;26.860206555566755;34.25094698012029;22.90606313261226;48.31503279386976;37.33266453541631;51.866161439628165;48.31503279386976;29.472161861254705;34.46166673910596;25.456437416262965;27.543698594242166;22.149136148713634;40.141816588164815;22.708128279760814;25.872482898534575;33.00233275721705;57.69988427395051;30.895272461597184;44.54737974088309;30.664940228344022;25.971279602620204;42.14567907843005;26.860206555566755;35.72546869236823;43.56929502486573,0.22793205664783034,0.19499588951482247,0.264917432766403,32,0,0.30434782608695654;0.25;0.2608695652173913;0.1;0.21739130434782608;0.0;0.125;0.13333333333333333;0.30434782608695654;0.2608695652173913;0.21052631578947367;0.2608695652173913;0.11428571428571428;0.21052631578947367;0.14285714285714285;0.18518518518518517;0.14814814814814814;0.45;0.14285714285714285;0.2962962962962963;0.21052631578947367;0.5384615384615384;0.20833333333333334;0.23076923076923078;0.15789473684210525;0.24;0.3333333333333333;0.1724137931034483;0.2692307692307692;0.3333333333333333;0.3;0.18181818181818182
8x8x12,6144,32,2,823.15,600.0,54.46875,51.3125,57.625,32,0,71.0;69.0;35.0;69.0;46.0;55.0;51.0;48.0;54.0;53.0;40.0;58.0;44.0;58.0;54.0;54.0;58.0;63.0;50.0;51.0;62.0;53.0;59.0;57.0;41.0;51.0;57.0;37.0;64.0;59.0;58.0;64.0,53.59375,50.875,56.4375,32,0,51.0;51.0;53.0;57.0;57.0;53.0;65.0;37.0;48.0;41.0;56.0;48.0;50.0;56.0;41.0;56.0;56.0;66.0;77.0;49.0;40.0;62.0;54.0;57.0;55.0;59.0;51.0;52.0;61.0;49.0;57.0;50.0,11.0625,10.0,12.21875,32,0,10.0;10.0;6.0;10.0;14.0;13.0;7.0;11.0;6.0;20.0;9.0;10.0;8.0;12.0;8.0;15.0;15.0;9.0;10.0;11.0;10.0;10.0;18.0;9.0;9.0;15.0;8.0;14.0;10.0;14.0;14.0;9.0,0.961974038766687,0.9543224750849878,0.968913108801672,32,0,0.9690721649484536;0.9893617021276596;0.9830508474576272;0.978021978021978;0.9324324324324325;0.9540229885057471;0.9651162790697675;0.9692307692307692;0.9746835443037974;0.9743589743589743;0.9076923076923077;0.9418604651162791;0.9753086419753086;0.9506172839506173;0.9213483146067416;0.9759036144578314;0.9340659340659341;0.9540229885057471;0.9726027397260274;0.9629629629629629;0.9642857142857143;0.9850746268656716;0.9651162790697675;0.9540229885057471;1.0;0.9743589743589743;0.9642857142857143;0.9565217391304348;0.9473684210526315;0.9866666666666667;0.975;0.9247311827956989,0.21181390665946584,0.20456094900234215,0.21894493729483352,32,0,0.19344262295081968;0.20766773162939298;0.20766773162939298;0.24414715719063546;0.22981366459627328;0.2012779552715655;0.22910216718266255;0.16040955631399317;0.20134228187919462;0.19798657718120805;0.2202797202797203;0.19732441471571907;0.21305841924398625;0.20588235294117646;0.17791411042944785;0.2153846153846154;0.23219814241486067;0.2515923566878981;0.26857142857142857;0.21107266435986158;0.18333333333333332;0.21194029850746268;0.2120253164556962;0.20569620253164558;0.1935483870967742;0.21100917431192662;0.20504731861198738;0.23452768729641693;0.22429906542056074;0.19932432432432431;0.23183391003460208;0.19932432432432431,0.9557173953229003,0.9420999683419865,0.9679604601624725,32,0,1.0;1.0;0.9230769230769231;1.0;0.95;1.0;0.9166666666666666;0.8666666666666667;0.9285714285714286;1.0;1.0;0.9411764705882353;0.9230769230769231;0.8888888888888888;1.0;0.9523809523809523;1.0;0.9473684210526315;1.0;0.95;0.9333333333333333;1.0;0.9583333333333334;0.9375;0.9230769230769231;0.9545454545454546;0.9411764705882353;0.95;0.8947368421052632;0.95;0.9523809523809523;1.0,18.642907341275638,17.211183205809157,20.104988636286055,32,0,24.942366378864037;24.24446415952043;11.874552039762833;21.70770419312268;14.500786066378028;18.625082701850875;14.099824730557229;23.25373394551144;20.182553473866847;23.17155139519099;12.840461426779685;21.66861386638194;15.806432741426573;18.588986358058616;23.605902478185897;17.313118402119883;18.588986358058616;17.13906647667368;11.676915940136139;18.680085265569318;27.74869572127426;15.356407241773395;19.604310354306065;17.951165168984456;13.398696819028261;15.527551418079103;20.051371709438584;12.791249702271257;18.829417785682395;21.59282408518111;18.26450901944734;22.94564749733842,0.20774376565070454,0.18576909537572306,0.23378816156689458,32,0,0.14084507042253522;0.14492753623188406;0.17142857142857143;0.14492753623188406;0.30434782608695654;0.23636363636363636;0.13725490196078433;0.22916666666666666;0.1111111111111111;0.37735849056603776;0.225;0.1724137931034483;0.18181818181818182;0.20689655172413793;0.14814814814814814;0.2777777777777778;0.25862068965517243;0.14285714285714285;0.2;0.21568627450980393;0.16129032258064516;0.18867924528301888;0.3050847457627119;0.15789473684210525;0.21951219512195122;0.29411764705882354;0.14035087719298245;0.3783783783783784;0.15625;0.23728813559322035;0.2413793103448276;0.140625
8x8x12,6144,32,3,873.15,600.0,3.125,2.5,3.71875,32,0,3.0;1.0;1.0;2.0;5.0;4.0;3.0;2.0;2.0;2.0;6.0;5.0;2.0;4.0;7.0;2.0;6.0;4.0;2.0;3.0;3.0;1.0;3.0;4.0;0.0;2.0;3.0;3.0;5.0;1.0;2.0;7.0,155.875,151.78125,160.125,32,0,144.0;174.0;147.0;133.0;162.0;149.0;163.0;161.0;158.0;146.0;144.0;157.0;151.0;166.0;172.0;167.0;157.0;158.0;156.0;141.0;157.0;177.0;148.0;163.0;181.0;167.0;160.0;148.0;156.0;152.0;125.0;148.0,0.75,0.53125,0.96875,32,0,0.0;0.0;1.0;0.0;1.0;0.0;1.0;2.0;1.0;0.0;0.0;1.0;1.0;2.0;0.0;1.0;0.0;1.0;0.0;1.0;1.0;0.0;1.0;1.0;1.0;1.0;1.0;1.0;2.0;1.0;1.0;0.0,1.0,1.0,1.0,32,0,1.0;1.0;1.0;1.0;1.0;1.0;1.0;1.0;1.0;1.0;1.0;1.0;1.0;1.0;1.0;1.0;1.0;1.0;1.0;1.0;1.0;1.0;1.0;1.0;1.0;1.0;1.0;1.0;1.0;1.0;1.0;1.0,0.7132636483892253,0.704330884370837,0.7214503142776653,32,0,0.6655737704918033;0.7635782747603834;0.6773162939297125;0.6889632107023411;0.7329192546583851;0.6773162939297125;0.7337461300309598;0.7098976109215017;0.7315436241610739;0.6879194630872483;0.7237762237762237;0.7224080267558528;0.7319587628865979;0.7483660130718954;0.7055214723926381;0.7292307692307692;0.718266253869969;0.7547770700636943;0.7142857142857143;0.698961937716263;0.7066666666666667;0.7402985074626866;0.680379746835443;0.7215189873417721;0.7243401759530792;0.7217125382262997;0.7097791798107256;0.7166123778501629;0.7102803738317757;0.7128378378378378;0.6643598615916955;0.6993243243243243,1.0,1.0,1.0,32,0,1.0;1.0;1.0;1.0;1.0;1.0;1.0;1.0;1.0;1.0;1.0;1.0;1.0;1.0;1.0;1.0;1.0;1.0;1.0;1.0;1.0;1.0;1.0;1.0;1.0;1.0;1.0;1.0;1.0;1.0;1.0;1.0,0.364694220673737,0.29623884089909985,0.4379514444494918,32,0,0.37581027414406515;0.10367961926388988;0.12272216694673382;0.27126941100727625;0.5567280446911613;0.4842510335087058;0.3320081991712043;0.22409505208675998;0.22834975215662057;0.24711693956928385;0.7515422789396223;0.5744554146626288;0.2389348012902265;0.4346650339072263;0.7340681068252423;0.21604421491656564;0.6893245506413798;0.4566706047685008;0.23127712543754014;0.38380538693949934;0.3446951985465783;0.1019223872198315;0.3656542689620809;0.4426640224649992;0.0;0.21604421491656564;0.3382327693883396;0.3656542689620809;0.5781372311950027;0.11868538634620218;0.2886292645952904;0.8530780380884805,0.30000000000000004,0.2,0.4064516129032258,31,1,0.0;0.0;1.0;0.0;0.2;0.0;0.3333333333333333;1.0;0.5;0.0;0.0;0.2;0.5;0.5;0.0;0.5;0.0;0.25;0.0;0.3333333333333333;0.3333333333333333;0.0;0.3333333333333333;0.25;0.5;0.3333333333333333;0.3333333333333333;0.4;1.0;0.5;0.0
8x8x12,6144,32,4,923.15,600.0,0.0,0.0,0.0,32,0,0.0;0.0;0.0;0.0;0.0;0.0;0.0;0.0;0.0;0.0;0.0;0.0;0.0;0.0;0.0;0.0;0.0;0.0;0.0;0.0;0.0;0.0;0.0;0.0;0.0;0.0;0.0;0.0;0.0;0.0;0.0;0.0,86.1875,83.46875,88.9375,32,0,101.0;72.0;99.0;90.0;82.0;94.0;85.0;79.0;79.0;91.0;76.0;76.0;76.0;73.0;96.0;83.0;85.0;76.0;97.0;83.0;87.0;82.0;99.0;85.0;92.0;89.0;90.0;85.0;92.0;84.0;93.0;87.0,0.0,0.0,0.0,32,0,0.0;0.0;0.0;0.0;0.0;0.0;0.0;0.0;0.0;0.0;0.0;0.0;0.0;0.0;0.0;0.0;0.0;0.0;0.0;0.0;0.0;0.0;0.0;0.0;0.0;0.0;0.0;0.0;0.0;0.0;0.0;0.0,1.0,1.0,1.0,32,0,1.0;1.0;1.0;1.0;1.0;1.0;1.0;1.0;1.0;1.0;1.0;1.0;1.0;1.0;1.0;1.0;1.0;1.0;1.0;1.0;1.0;1.0;1.0;1.0;1.0;1.0;1.0;1.0;1.0;1.0;1.0;1.0,0.99081562263627,0.9886727587164621,0.992816040736338,32,0,0.9967213114754099;0.9936102236421726;0.9936102236421726;0.9899665551839465;0.9875776397515528;0.9776357827476039;0.9969040247678018;0.9795221843003413;0.9966442953020134;0.9932885906040269;0.9895104895104895;0.9765886287625418;0.993127147766323;0.9869281045751634;1.0;0.9846153846153847;0.9814241486068112;0.9968152866242038;0.9914285714285714;0.986159169550173;0.9966666666666667;0.9850746268656716;0.9936708860759493;0.990506329113924;0.9941348973607038;0.9938837920489296;0.9936908517350158;0.993485342019544;0.9968847352024922;0.9966216216216216;0.986159169550173;0.9932432432432432,1.0,1.0,1.0,32,0,1.0;1.0;1.0;1.0;1.0;1.0;1.0;1.0;1.0;1.0;1.0;1.0;1.0;1.0;1.0;1.0;1.0;1.0;1.0;1.0;1.0;1.0;1.0;1.0;1.0;1.0;1.0;1.0;1.0;1.0;1.0;1.0,0.0,0.0,0.0,32,0,0.0;0.0;0.0;0.0;0.0;0.0;0.0;0.0;0.0;0.0;0.0;0.0;0.0;0.0;0.0;0.0;0.0;0.0;0.0;0.0;0.0;0.0;0.0;0.0;0.0;0.0;0.0;0.0;0.0;0.0;0.0;0.0,,,,0,32,
8x8x12,6144,32,5,973.15,600.0,0.0,0.0,0.0,32,0,0.0;0.0;0.0;0.0;0.0;0.0;0.0;0.0;0.0;0.0;0.0;0.0;0.0;0.0;0.0;0.0;0.0;0.0;0.0;0.0;0.0;0.0;0.0;0.0;0.0;0.0;0.0;0.0;0.0;0.0;0.0;0.0,0.0,0.0,0.0,32,0,0.0;0.0;0.0;0.0;0.0;0.0;0.0;0.0;0.0;0.0;0.0;0.0;0.0;0.0;0.0;0.0;0.0;0.0;0.0;0.0;0.0;0.0;0.0;0.0;0.0;0.0;0.0;0.0;0.0;0.0;0.0;0.0,0.0,0.0,0.0,32,0,0.0;0.0;0.0;0.0;0.0;0.0;0.0;0.0;0.0;0.0;0.0;0.0;0.0;0.0;0.0;0.0;0.0;0.0;0.0;0.0;0.0;0.0;0.0;0.0;0.0;0.0;0.0;0.0;0.0;0.0;0.0;0.0,1.0,1.0,1.0,32,0,1.0;1.0;1.0;1.0;1.0;1.0;1.0;1.0;1.0;1.0;1.0;1.0;1.0;1.0;1.0;1.0;1.0;1.0;1.0;1.0;1.0;1.0;1.0;1.0;1.0;1.0;1.0;1.0;1.0;1.0;1.0;1.0,0.99081562263627,0.9886288917461203,0.9928282579644507,32,0,0.9967213114754099;0.9936102236421726;0.9936102236421726;0.9899665551839465;0.9875776397515528;0.9776357827476039;0.9969040247678018;0.9795221843003413;0.9966442953020134;0.9932885906040269;0.9895104895104895;0.9765886287625418;0.993127147766323;0.9869281045751634;1.0;0.9846153846153847;0.9814241486068112;0.9968152866242038;0.9914285714285714;0.986159169550173;0.9966666666666667;0.9850746268656716;0.9936708860759493;0.990506329113924;0.9941348973607038;0.9938837920489296;0.9936908517350158;0.993485342019544;0.9968847352024922;0.9966216216216216;0.986159169550173;0.9932432432432432,1.0,1.0,1.0,32,0,1.0;1.0;1.0;1.0;1.0;1.0;1.0;1.0;1.0;1.0;1.0;1.0;1.0;1.0;1.0;1.0;1.0;1.0;1.0;1.0;1.0;1.0;1.0;1.0;1.0;1.0;1.0;1.0;1.0;1.0;1.0;1.0,,,,0,32,,,,,0,32,
12x12x18,20736,32,1,773.15,600.0,67.96875,65.40625,70.59375,32,0,64.0;56.0;59.0;55.0;69.0;71.0;57.0;58.0;70.0;71.0;60.0;71.0;73.0;71.0;70.0;73.0;72.0;80.0;56.0;65.0;63.0;83.0;84.0;64.0;76.0;70.0;74.0;70.0;65.0;70.0;66.0;69.0,31.65625,29.96875,33.40625,32,0,43.0;38.0;22.0;36.0;31.0;34.0;23.0;31.0;38.0;33.0;30.0;26.0;37.0;28.0;36.0;34.0;30.0;37.0;24.0;37.0;25.0;31.0;31.0;32.0;29.0;27.0;28.0;39.0;30.0;35.0;33.0;25.0,12.75,11.5,13.96875,32,0,12.0;10.0;11.0;13.0;14.0;10.0;10.0;15.0;16.0;14.0;14.0;8.0;13.0;14.0;7.0;15.0;16.0;12.0;23.0;14.0;12.0;15.0;5.0;16.0;16.0;8.0;7.0;17.0;10.0;14.0;10.0;17.0,0.23900182681755863,0.2311769848652041,0.24720960510106244,32,0,0.27467811158798283;0.2007168458781362;0.21071428571428572;0.21153846153846154;0.23154362416107382;0.24482758620689654;0.228;0.19463087248322147;0.2422145328719723;0.23905723905723905;0.2222222222222222;0.23745819397993312;0.25259515570934254;0.24738675958188153;0.22950819672131148;0.24496644295302014;0.26373626373626374;0.2711864406779661;0.21374045801526717;0.21666666666666667;0.21212121212121213;0.27666666666666667;0.3010752688172043;0.23104693140794225;0.2345679012345679;0.24305555555555555;0.2642857142857143;0.24734982332155478;0.22336769759450173;0.25735294117647056;0.23157894736842105;0.24820143884892087,0.030573243629900295,0.028986014911556734,0.03228572723432598,32,0,0.04182879377431906;0.03619047619047619;0.020813623462630087;0.03415559772296015;0.03048180924287119;0.03386454183266932;0.023069207622868605;0.030392156862745098;0.03460837887067395;0.0336734693877551;0.029440628066732092;0.024505183788878417;0.037601626016260166;0.027559055118110236;0.03435114503816794;0.03222748815165877;0.029013539651837523;0.03595724003887269;0.024615384615384615;0.034807149576669805;0.023518344308560677;0.029836381135707413;0.030214424951267055;0.030592734225621414;0.027777777777777776;0.02608695652173913;0.028629856850715747;0.03648269410664172;0.029411764705882353;0.032527881040892194;0.030612244897959183;0.023496240601503758,0.21762663835803425,0.19838077530502085,0.23743616402433856,32,0,0.2222222222222222;0.16129032258064516;0.18333333333333332;0.18571428571428572;0.25925925925925924;0.15384615384615385;0.1724137931034483;0.2727272727272727;0.25806451612903225;0.208955223880597;0.2028985507246377;0.17391304347826086;0.26;0.2153846153846154;0.1206896551724138;0.234375;0.2909090909090909;0.21428571428571427;0.3709677419354839;0.2028985507246377;0.21428571428571427;0.2777777777777778;0.10869565217391304;0.26666666666666666;0.22857142857142856;0.1951219512195122;0.12727272727272726;0.27419354838709675;0.16393442622950818;0.24561403508771928;0.18867924528301888;0.3090909090909091,39.18998491972591,36.88982900352594,41.35795599517173,32,0,26.653518440028222;26.392404863718372;47.74468179974029;27.353865667828806;39.71490026643177;37.28541450033106;44.164714087840615;33.44182634376652;32.93061574842206;38.40333353687375;35.72546869236823;48.6045266108379;35.24737747067408;45.175868586990184;34.742588137136174;38.32462951438077;42.786445277496014;38.59135843643795;41.61153334114395;31.418079743240373;44.89936046866136;47.6673945676623;48.234090728912165;35.72546869236823;46.670358972428446;46.176343476391374;47.060022507080895;32.09370659119303;38.67090153358295;35.72546869236823;35.72546869236823;49.11778144252473,0.1910072877758146,0.16950894263146074,0.21324969540951222,32,0,0.1875;0.17857142857142858;0.1864406779661017;0.23636363636363636;0.2028985507246377;0.14084507042253522;0.17543859649122806;0.25862068965517243;0.22857142857142856;0.19718309859154928;0.23333333333333334;0.11267605633802817;0.1780821917808219;0.19718309859154928;0.1;0.2054794520547945;0.2222222222222222;0.15;0.4107142857142857;0.2153846153846154;0.19047619047619047;0.18072289156626506;0.05952380952380952;0.25;0.21052631578947367;0.11428571428571428;0.0945945945945946;0.24285714285714285;0.15384615384615385;0.2;0.15151515151515152;0.2463768115942029
12x12x18,20736,32,2,823.15,600.0,206.34375,201.28125,211.0625,32,0,162.0;213.0;210.0;191.0;210.0;211.0;186.0;223.0;205.0;219.0;198.0;217.0;207.0;206.0;221.0;211.0;196.0;205.0;195.0;227.0;228.0;212.0;186.0;202.0;235.0;212.0;196.0;197.0;221.0;192.0;208.0;201.0,184.03125,179.71875,188.8125,32,0,171.0;197.0;178.0;173.0;167.0;200.0;171.0;198.0;217.0;176.0;172.0;174.0;168.0;187.0;194.0;198.0;188.0;186.0;164.0;175.0;192.0;170.0;186.0;177.0;185.0;190.0;170.0;207.0;168.0;198.0;190.0;202.0,43.5,41.46875,45.4375,32,0,39.0;47.0;46.0;55.0;39.0;50.0;43.0;38.0;42.0;51.0;51.0;35.0;35.0;48.0;51.0;47.0;37.0;43.0;37.0;48.0;43.0;38.0;38.0;43.0;52.0;32.0;46.0;44.0;50.0;43.0;43.0;38.0,0.9640077481874362,0.9599061428200267,0.968067874299014,32,0,0.9699570815450643;0.96415770609319;0.9607142857142857;0.9461538461538461;0.9362416107382551;0.9724137931034482;0.972;0.9429530201342282;0.9515570934256056;0.9764309764309764;0.9555555555555556;0.9632107023411371;0.9688581314878892;0.9651567944250871;0.9540983606557377;0.9530201342281879;0.9816849816849816;0.9661016949152542;0.9580152671755725;0.9733333333333334;0.9797979797979798;0.9833333333333333;0.967741935483871;0.9602888086642599;0.9598765432098766;0.9791666666666666;0.9642857142857143;0.9434628975265018;0.9828178694158075;0.9632352941176471;0.9614035087719298;0.9712230215827338,0.20827171076168402,0.20399949630241174,0.21248213378381905,32,0,0.20817120622568094;0.22380952380952382;0.1892147587511826;0.198292220113852;0.19469026548672566;0.23306772908366533;0.1945837512537613;0.22450980392156863;0.23224043715846995;0.21326530612244898;0.19823356231599606;0.1885014137606032;0.20833333333333334;0.21161417322834647;0.21946564885496184;0.21990521327014217;0.21083172147001933;0.21671525753158405;0.19282051282051282;0.19943555973659455;0.2041392285983067;0.19345524542829645;0.21150097465886938;0.19980879541108987;0.2049808429118774;0.20966183574879227;0.20245398773006135;0.23012160898035547;0.19411764705882353;0.21654275092936803;0.20686456400742115;0.21334586466165414,0.9626319055252954,0.9534571682339867,0.9714511271922165,32,0,0.9444444444444444;0.9193548387096774;0.95;0.9714285714285714;0.9814814814814815;0.9230769230769231;0.9137931034482759;0.9636363636363636;0.9354838709677419;0.9701492537313433;0.9420289855072463;0.9347826086956522;0.96;0.9538461538461539;1.0;0.96875;0.9636363636363636;0.9821428571428571;0.967741935483871;0.8985507246376812;0.9821428571428571;0.9814814814814815;0.9347826086956522;0.9833333333333333;0.9714285714285714;0.975609756097561;0.9636363636363636;0.9838709677419355;0.9836065573770492;1.0;1.0;1.0,20.202278530915248,19.568682989659365,20.87569493643685,32,0,17.010806943625656;19.40131523109376;21.159483835152887;19.808698216115516;22.544548958649656;18.933316061052658;19.51734046875748;20.20507867584868;16.96312595967511;22.30994353449678;20.649239159194757;22.359983266317617;22.09297781176816;19.76512383664372;20.435423360422305;19.1235516127312;18.71109661008819;19.774871374966892;21.324391740546986;23.25098340642046;21.297213512109913;22.358778495646984;17.951165168984453;20.472305374280626;22.77232574665624;20.018229543816496;20.680957203353824;17.088052907518634;23.577466023133297;17.409806660944803;19.642575775774194;17.862736513500007,0.2114342919315783,0.20176800873053824,0.22121723946306276,32,0,0.24074074074074073;0.22065727699530516;0.21904761904761905;0.2879581151832461;0.18571428571428572;0.23696682464454977;0.23118279569892472;0.17040358744394618;0.2048780487804878;0.2328767123287671;0.25757575757575757;0.16129032258064516;0.16908212560386474;0.23300970873786409;0.23076923076923078;0.22274881516587677;0.18877551020408162;0.2097560975609756;0.18974358974358974;0.21145374449339208;0.18859649122807018;0.1792452830188679;0.20430107526881722;0.21287128712871287;0.22127659574468084;0.1509433962264151;0.23469387755102042;0.2233502538071066;0.22624434389140272;0.22395833333333334;0.20673076923076922;0.1890547263681592
12x12x18,20736,32,3,873.15,600.0,10.25,9.15625,11.5,32,0,7.0;10.0;11.0;14.0;19.0;8.0;7.0;17.0;14.0;7.0;12.0;11.0;9.0;10.0;14.0;14.0;5.0;10.0;11.0;8.0;6.0;5.0;9.0;11.0;13.0;6.0;10.0;16.0;5.0;10.0;11.0;8.0,529.78125,523.34375,536.09375,32,0,523.0;504.0;557.0;552.0;530.0;490.0;538.0;499.0;539.0;497.0;536.0;536.0;517.0;525.0;522.0;518.0;514.0;520.0;526.0;545.0;542.0;552.0;532.0;556.0;534.0;534.0;497.0;538.0;542.0;565.0;534.0;539.0,2.21875,1.65625,2.8125,32,0,3.0;5.0;3.0;2.0;1.0;5.0;5.0;2.0;4.0;2.0;4.0;3.0;2.0;3.0;0.0;2.0;2.0;1.0;2.0;7.0;1.0;1.0;3.0;1.0;2.0;1.0;2.0;1.0;1.0;0.0;0.0;0.0,1.0,1.0,1.0,32,0,1.0;1.0;1.0;1.0;1.0;1.0;1.0;1.0;1.0;1.0;1.0;1.0;1.0;1.0;1.0;1.0;1.0;1.0;1.0;1.0;1.0;1.0;1.0;1.0;1.0;1.0;1.0;1.0;1.0;1.0;1.0;1.0,0.7201799338110435,0.7166366567592464,0.72370230569097,32,0,0.7169260700389105;0.7038095238095238;0.7161778618732261;0.722011385199241;0.7158308751229105;0.7211155378486056;0.7342026078234705;0.7137254901960784;0.7231329690346083;0.7204081632653061;0.7242394504416094;0.6936852026390198;0.733739837398374;0.7283464566929134;0.7175572519083969;0.7109004739336493;0.7079303675048356;0.7220602526724975;0.7323076923076923;0.7121354656632173;0.7140169332079022;0.7247353224254091;0.7300194931773879;0.731357552581262;0.7164750957854407;0.7256038647342995;0.7106339468302658;0.7333956969130028;0.7254901960784313;0.741635687732342;0.7022263450834879;0.7199248120300752,1.0,1.0,1.0,32,0,1.0;1.0;1.0;1.0;1.0;1.0;1.0;1.0;1.0;1.0;1.0;1.0;1.0;1.0;1.0;1.0;1.0;1.0;1.0;1.0;1.0;1.0;1.0;1.0;1.0;1.0;1.0;1.0;1.0;1.0;1.0;1.0,0.34952984135998394,0.3081743436614529,0.39468488502719434,32,0,0.24144733183024564;0.35791632187721895;0.35624578226633186;0.4574978016994311;0.6466287635717759;0.2945191769670259;0.23471596679299433;0.6145108136512478;0.46853063878582507;0.2540774899636224;0.40385267814166376;0.37020174103755193;0.3140286623318924;0.34360103227468736;0.4837872537097177;0.4875225578931319;0.17548535731990256;0.3469045707265867;0.37723906116016637;0.26479923935765115;0.19970229135069467;0.16340539067416865;0.3051752195633882;0.3568864487194486;0.43914137613144566;0.20269391791501118;0.3629568897676219;0.5364487742484964;0.16642011122956404;0.3192774478742538;0.37158812163000127;0.26774669305672044,0.24459465100065914,0.18106388540187882,0.3170454545454545,32,0,0.42857142857142855;0.5;0.2727272727272727;0.14285714285714285;0.05263157894736842;0.625;0.7142857142857143;0.11764705882352941;0.2857142857142857;0.2857142857142857;0.3333333333333333;0.2727272727272727;0.2222222222222222;0.3;0.0;0.14285714285714285;0.4;0.1;0.18181818181818182;0.875;0.16666666666666666;0.2;0.3333333333333333;0.09090909090909091;0.15384615384615385;0.16666666666666666;0.2;0.0625;0.2;0.0;0.0;0.0
12x12x18,20736,32,4,923.15,600.0,0.0,0.0,0.0,32,0,0.0;0.0;0.0;0.0;0.0;0.0;0.0;0.0;0.0;0.0;0.0;0.0;0.0;0.0;0.0;0.0;0.0;0.0;0.0;0.0;0.0;0.0;0.0;0.0;0.0;0.0;0.0;0.0;0.0;0.0;0.0;0.0,281.71875,276.34375,287.46875,32,0,279.0;301.0;294.0;287.0;278.0;268.0;259.0;283.0;296.0;263.0;277.0;319.0;258.0;261.0;289.0;294.0;297.0;283.0;250.0;303.0;295.0;281.0;261.0;276.0;287.0;278.0;280.0;277.0;271.0;270.0;311.0;289.0,0.0,0.0,0.0,32,0,0.0;0.0;0.0;0.0;0.0;0.0;0.0;0.0;0.0;0.0;0.0;0.0;0.0;0.0;0.0;0.0;0.0;0.0;0.0;0.0;0.0;0.0;0.0;0.0;0.0;0.0;0.0;0.0;0.0;0.0;0.0;0.0,1.0,1.0,1.0,32,0,1.0;1.0;1.0;1.0;1.0;1.0;1.0;1.0;1.0;1.0;1.0;1.0;1.0;1.0;1.0;1.0;1.0;1.0;1.0;1.0;1.0;1.0;1.0;1.0;1.0;1.0;1.0;1.0;1.0;1.0;1.0;1.0,0.992228971378565,0.9911030380701252,0.9932721513766672,32,0,0.9883268482490273;0.9904761904761905;0.9943235572374646;0.9943074003795066;0.9891838741396264;0.9880478087649402;0.9939819458375125;0.9911764705882353;0.9927140255009107;0.9887755102040816;0.9960745829244357;0.9943449575871819;0.9959349593495935;0.985236220472441;0.9933206106870229;0.9895734597156398;0.995164410058027;0.9970845481049563;0.9887179487179487;0.9971777986829727;0.9915333960489181;0.9951876804619827;0.9844054580896686;0.9952198852772467;0.9913793103448276;0.9942028985507246;0.9969325153374233;0.9925163704396632;0.9911764705882353;0.9925650557620818;0.9907235621521335;0.9915413533834586,1.0,1.0,1.0,32,0,1.0;1.0;1.0;1.0;1.0;1.0;1.0;1.0;1.0;1.0;1.0;1.0;1.0;1.0;1.0;1.0;1.0;1.0;1.0;1.0;1.0;1.0;1.0;1.0;1.0;1.0;1.0;1.0;1.0;1.0;1.0;1.0,0.0,0.0,0.0,32,0,0.0;0.0;0.0;0.0;0.0;0.0;0.0;0.0;0.0;0.0;0.0;0.0;0.0;0.0;0.0;0.0;0.0;0.0;0.0;0.0;0.0;0.0;0.0;0.0;0.0;0.0;0.0;0.0;0.0;0.0;0.0;0.0,,,,0,32,
12x12x18,20736,32,5,973.15,600.0,0.0,0.0,0.0,32,0,0.0;0.0;0.0;0.0;0.0;0.0;0.0;0.0;0.0;0.0;0.0;0.0;0.0;0.0;0.0;0.0;0.0;0.0;0.0;0.0;0.0;0.0;0.0;0.0;0.0;0.0;0.0;0.0;0.0;0.0;0.0;0.0,0.03125,0.0,0.09375,32,0,0.0;0.0;0.0;0.0;0.0;0.0;0.0;0.0;0.0;0.0;0.0;0.0;0.0;0.0;0.0;1.0;0.0;0.0;0.0;0.0;0.0;0.0;0.0;0.0;0.0;0.0;0.0;0.0;0.0;0.0;0.0;0.0,0.0,0.0,0.0,32,0,0.0;0.0;0.0;0.0;0.0;0.0;0.0;0.0;0.0;0.0;0.0;0.0;0.0;0.0;0.0;0.0;0.0;0.0;0.0;0.0;0.0;0.0;0.0;0.0;0.0;0.0;0.0;0.0;0.0;0.0;0.0;0.0,1.0,1.0,1.0,32,0,1.0;1.0;1.0;1.0;1.0;1.0;1.0;1.0;1.0;1.0;1.0;1.0;1.0;1.0;1.0;1.0;1.0;1.0;1.0;1.0;1.0;1.0;1.0;1.0;1.0;1.0;1.0;1.0;1.0;1.0;1.0;1.0,0.9922585922316456,0.9911286550095976,0.9933678627005028,32,0,0.9883268482490273;0.9904761904761905;0.9943235572374646;0.9943074003795066;0.9891838741396264;0.9880478087649402;0.9939819458375125;0.9911764705882353;0.9927140255009107;0.9887755102040816;0.9960745829244357;0.9943449575871819;0.9959349593495935;0.985236220472441;0.9933206106870229;0.990521327014218;0.995164410058027;0.9970845481049563;0.9887179487179487;0.9971777986829727;0.9915333960489181;0.9951876804619827;0.9844054580896686;0.9952198852772467;0.9913793103448276;0.9942028985507246;0.9969325153374233;0.9925163704396632;0.9911764705882353;0.9925650557620818;0.9907235621521335;0.9915413533834586,1.0,1.0,1.0,32,0,1.0;1.0;1.0;1.0;1.0;1.0;1.0;1.0;1.0;1.0;1.0;1.0;1.0;1.0;1.0;1.0;1.0;1.0;1.0;1.0;1.0;1.0;1.0;1.0;1.0;1.0;1.0;1.0;1.0;1.0;1.0;1.0,0.0,0.0,0.0,1,31,0.0,,,,0,32,
16x16x24,49152,32,1,773.15,600.0,147.4375,143.28125,151.3125,32,0,136.0;154.0;151.0;155.0;153.0;151.0;139.0;148.0;154.0;153.0;150.0;171.0;135.0;160.0;154.0;139.0;141.0;168.0;149.0;163.0;138.0;151.0;140.0;143.0;146.0;147.0;146.0;138.0;139.0;116.0;125.0;165.0,67.5625,65.3125,69.90625,32,0,70.0;80.0;60.0;78.0;63.0;70.0;67.0;68.0;67.0;68.0;54.0;77.0;64.0;75.0;58.0;62.0;78.0;65.0;72.0;68.0;63.0;63.0;74.0;72.0;65.0;67.0;73.0;74.0;65.0;61.0;52.0;69.0,29.0625,26.8125,31.21875,32,0,30.0;33.0;24.0;33.0;25.0;21.0;35.0;25.0;28.0;31.0;27.0;41.0;28.0;24.0;43.0;24.0;34.0;17.0;30.0;35.0;23.0;35.0;34.0;31.0;19.0;36.0;30.0;21.0;21.0;30.0;35.0;27.0,0.2174556489505797,0.21218259493747968,0.22246149293492656,32,0,0.20389805097451275;0.21659634317862167;0.21207865168539325;0.23773006134969324;0.22801788375558868;0.2163323782234957;0.21786833855799373;0.22023809523809523;0.23019431988041852;0.22077922077922077;0.2222222222222222;0.24428571428571427;0.20642201834862386;0.24316109422492402;0.21598877980364656;0.21319018404907975;0.20142857142857143;0.23496503496503496;0.21408045977011494;0.24183976261127596;0.2173228346456693;0.22740963855421686;0.20618556701030927;0.2028368794326241;0.228125;0.20910384068278806;0.21823617339312407;0.20087336244541484;0.198005698005698;0.18471337579617833;0.18601190476190477;0.2384393063583815,0.027482776592025547,0.026620119393831396,0.028388869232979404,32,0,0.028420625253755584;0.03234937323089365;0.024509803921568627;0.031287605294825514;0.025819672131147543;0.02938706968933669;0.027125506072874495;0.02788027880278803;0.02657675525585085;0.02750809061488673;0.022058823529411766;0.03076308429884139;0.02772963604852686;0.03026634382566586;0.02378999179655455;0.02568351284175642;0.03089108910891089;0.02620967741935484;0.029447852760736196;0.02689873417721519;0.024990083300277667;0.025526742301458672;0.02988691437802908;0.030062630480167014;0.02587579617834395;0.026886035313001606;0.029954862535904802;0.02977867203219316;0.027219430485762145;0.025;0.021443298969072166;0.02822085889570552,0.21531778312514868,0.20200833241434935,0.2292356983385066,32,0,0.22388059701492538;0.24087591240875914;0.17777777777777778;0.2661290322580645;0.2;0.14583333333333334;0.28225806451612906;0.1968503937007874;0.19718309859154928;0.23134328358208955;0.2125984251968504;0.2751677852348993;0.19310344827586207;0.19672131147540983;0.27564102564102566;0.1889763779527559;0.24817518248175183;0.13934426229508196;0.19736842105263158;0.26515151515151514;0.17293233082706766;0.2413793103448276;0.2328767123287671;0.1949685534591195;0.15833333333333333;0.26865671641791045;0.2097902097902098;0.1693548387096774;0.1693548387096774;0.2222222222222222;0.26515151515151514;0.23076923076923078,39.2324186795459,37.79152659638648,40.73682313488819,32,0,34.71449796571342;34.398453395680555;44.840701782746194;35.49869762620266;43.28974482449158;38.50272056818616;37.04491379945628;38.84401262276291;40.9974689797884;40.14181658816481;49.42986503358188;39.62617770282326;37.65895130896463;38.08219954940497;47.27646588708458;39.99952237233171;32.320906039198725;46.03605987183139;36.95331684056387;42.73462705817907;39.09128536736319;42.73051443734009;33.812343153059054;35.47979875061122;40.073954592839804;39.154020822669096;35.72546869236823;33.3337446054837;38.17278159016935;33.984921317122044;42.85420531861291;42.63323928067303,0.19830957299287322,0.18321187284471382,0.2136144849806715,32,0,0.22058823529411764;0.21428571428571427;0.15894039735099338;0.2129032258064516;0.16339869281045752;0.1390728476821192;0.2517985611510791;0.16891891891891891;0.18181818181818182;0.20261437908496732;0.18;0.23976608187134502;0.2074074074074074;0.15;0.2792207792207792;0.17266187050359713;0.24113475177304963;0.10119047619047619;0.20134228187919462;0.2147239263803681;0.16666666666666666;0.23178807947019867;0.24285714285714285;0.21678321678321677;0.13013698630136986;0.24489795918367346;0.2054794520547945;0.15217391304347827;0.1510791366906475;0.25862068965517243;0.28;0.16363636363636364
16x16x24,49152,32,2,823.15,600.0,503.875,496.21875,512.125,32,0,506.0;530.0;530.0;476.0;500.0;517.0;466.0;501.0;490.0;515.0;501.0;500.0;487.0;482.0;537.0;476.0;535.0;520.0;521.0;484.0;464.0;487.0;512.0;532.0;465.0;532.0;500.0;520.0;529.0;479.0;523.0;507.0,433.53125,426.0625,440.71875,32,0,448.0;430.0;443.0;456.0;437.0;421.0;411.0;432.0;477.0;412.0;438.0;410.0;418.0;402.0;456.0;401.0;445.0;408.0;419.0;459.0;442.0;407.0;439.0;418.0;475.0;451.0;411.0;428.0;429.0;449.0;467.0;434.0,99.90625,96.75,103.21875,32,0,99.0;97.0;104.0;89.0;95.0;120.0;83.0;98.0;103.0;95.0;92.0;102.0;114.0;93.0;104.0;92.0;98.0;98.0;116.0;92.0;103.0;104.0;109.0;122.0;99.0;97.0;107.0;98.0;99.0;100.0;92.0;83.0,0.960537964203076,0.9577633925468461,0.9630903915672945,32,0,0.9625187406296851;0.9620253164556962;0.9564606741573034;0.9677914110429447;0.9731743666169895;0.9570200573065902;0.9482758620689655;0.9657738095238095;0.9626307922272048;0.963924963924964;0.9644444444444444;0.9585714285714285;0.9510703363914373;0.9756838905775076;0.9691444600280504;0.9432515337423313;0.9657142857142857;0.9622377622377623;0.9626436781609196;0.9599406528189911;0.9480314960629921;0.9608433734939759;0.9602356406480118;0.9574468085106383;0.9546875;0.9658605974395448;0.9656203288490284;0.9577874818049491;0.9515669515669516;0.947452229299363;0.9642857142857143;0.9710982658959537,0.20387527549050913,0.20145396210263425,0.20629441427570658,32,0,0.21031262687779131;0.20622725434694703;0.20547385620915032;0.21419975932611313;0.20491803278688525;0.20612930310663308;0.19352226720647772;0.2050020500205002;0.2157873859579532;0.1941747572815534;0.20098039215686275;0.19456652017578904;0.20883882149046792;0.19249394673123488;0.21082854799015588;0.19179784589892296;0.20712871287128712;0.1907258064516129;0.20081799591002045;0.20846518987341772;0.20031733439111463;0.19043760129659643;0.20718901453957997;0.2045929018789144;0.21496815286624205;0.20786516853932585;0.19860484201887565;0.20201207243460764;0.2068676716917923;0.20901639344262296;0.21402061855670104;0.20572597137014315,0.9581110691523902,0.952049500736949,0.9639940200618486,32,0,0.9626865671641791;0.948905109489051;0.9481481481481482;0.9838709677419355;0.96;0.9791666666666666;0.9516129032258065;0.968503937007874;0.9225352112676056;0.9402985074626866;0.937007874015748;0.959731543624161;0.9793103448275862;0.9590163934426229;0.9423076923076923;0.9133858267716536;0.9635036496350365;0.9426229508196722;0.9605263157894737;0.9621212121212122;0.9473684210526315;0.9586206896551724;0.9794520547945206;0.9622641509433962;0.9833333333333333;0.9925373134328358;0.958041958041958;0.9596774193548387;0.967741935483871;0.9629629629629629;0.9621212121212122;0.9401709401709402,20.892996781891526,20.429622946569292,21.344987506395004,32,0,20.262194891582233;22.10037862284637;21.45567583665555;18.73442277452564;20.524421760974153;22.01965364635755;20.33989517353859;20.801894073346094;18.437908637823995;22.41118527612692;20.518550924311967;21.86787034520081;20.897295113128042;21.50232465329241;21.121260338365065;21.288876965970097;21.560122791830455;22.847849253692548;22.2942372659878;18.92378696157353;18.84001249216468;21.458740997705657;20.918966463816645;22.81609543706913;17.57508069513869;21.156374315710043;21.814984241437262;21.786612926283155;22.110039309574578;19.144232764602876;20.091822778175107;20.95312929172123,0.1984164748096389,0.19260476917171054,0.20444582613418444,32,0,0.1956521739130435;0.1830188679245283;0.19622641509433963;0.1869747899159664;0.19;0.23210831721470018;0.1781115879828326;0.19560878243512975;0.21020408163265306;0.18446601941747573;0.18363273453093812;0.204;0.23408624229979466;0.19294605809128632;0.19366852886405958;0.19327731092436976;0.18317757009345795;0.18846153846153846;0.22264875239923224;0.19008264462809918;0.22198275862068967;0.2135523613963039;0.212890625;0.22932330827067668;0.2129032258064516;0.18233082706766918;0.214;0.18846153846153846;0.18714555765595464;0.20876826722338204;0.17590822179732313;0.16370808678500987
16x16x24,49152,32,3,873.15,600.0,26.6875,25.03125,28.34375,32,0,25.0;27.0;31.0;21.0;18.0;30.0;33.0;23.0;25.0;25.0;24.0;29.0;32.0;16.0;22.0;37.0;24.0;27.0;26.0;27.0;33.0;26.0;27.0;30.0;29.0;24.0;23.0;29.0;34.0;33.0;24.0;20.0,1267.03125,1254.84375,1278.09375,32,0,1247.0;1240.0;1273.0;1267.0;1292.0;1239.0;1310.0;1248.0;1261.0;1278.0;1287.0;1269.0;1146.0;1316.0;1236.0;1273.0;1267.0;1308.0;1273.0;1304.0;1288.0;1300.0;1298.0;1252.0;1296.0;1256.0;1263.0;1253.0;1233.0;1235.0;1235.0;1302.0,5.625,4.875,6.4375,32,0,5.0;7.0;7.0;2.0;5.0;3.0;6.0;4.0;11.0;8.0;8.0;6.0;3.0;5.0;9.0;11.0;5.0;7.0;6.0;5.0;7.0;6.0;3.0;6.0;2.0;1.0;6.0;5.0;4.0;5.0;5.0;7.0,1.0,1.0,1.0,32,0,1.0;1.0;1.0;1.0;1.0;1.0;1.0;1.0;1.0;1.0;1.0;1.0;1.0;1.0;1.0;1.0;1.0;1.0;1.0;1.0;1.0;1.0;1.0;1.0;1.0;1.0;1.0;1.0;1.0;1.0;1.0;1.0,0.71939106875158,0.7164233214689694,0.7222426212881391,32,0,0.7166057653268372;0.7076425394257986;0.7254901960784313;0.722422783794625;0.7344262295081967;0.7262804366078925;0.7238866396761133;0.7166871668716687;0.7159857199523998;0.7111650485436893;0.7267156862745098;0.7015581302437075;0.7053726169844021;0.7235673930589185;0.7178014766201805;0.7191383595691798;0.7089108910891089;0.7181451612903226;0.7214723926380369;0.7242879746835443;0.7112257040856803;0.7171799027552674;0.731421647819063;0.727348643006263;0.7308917197452229;0.7118780096308186;0.7168649979482971;0.7062374245472837;0.7231993299832495;0.7151639344262295;0.723298969072165;0.7382413087934561,1.0,1.0,1.0,32,0,1.0;1.0;1.0;1.0;1.0;1.0;1.0;1.0;1.0;1.0;1.0;1.0;1.0;1.0;1.0;1.0;1.0;1.0;1.0;1.0;1.0;1.0;1.0;1.0;1.0;1.0;1.0;1.0;1.0;1.0;1.0;1.0,0.38071794190025116,0.35652241344678837,0.40569408523379896,32,0,0.3616472327445383;0.3927805036067759;0.439274039107242;0.2989935450599426;0.2513245200690646;0.4367696945446463;0.45440496726294993;0.3324515453386235;0.35763251470170315;0.3528757399034966;0.33639329101843185;0.41223216770563614;0.5036859708867414;0.21932736207243417;0.3210854925845834;0.524282468034563;0.3417028637978708;0.3723628292535172;0.3684306216972903;0.3735049282905327;0.4621655487010514;0.3607793661668171;0.3752312738446268;0.4322350891988912;0.40364495823300534;0.3446951985465783;0.32850354914840935;0.41749549696265786;0.4974060809274348;0.481996724589753;0.35055584303023124;0.27710271377799706,0.21673876715873808,0.18580308832374082,0.24956276261849974,32,0,0.2;0.25925925925925924;0.22580645161290322;0.09523809523809523;0.2777777777777778;0.1;0.18181818181818182;0.17391304347826086;0.44;0.32;0.3333333333333333;0.20689655172413793;0.09375;0.3125;0.4090909090909091;0.2972972972972973;0.20833333333333334;0.25925925925925924;0.23076923076923078;0.18518518518518517;0.21212121212121213;0.23076923076923078;0.1111111111111111;0.2;0.06896551724137931;0.041666666666666664;0.2608695652173913;0.1724137931034483;0.11764705882352941;0.15151515151515152;0.20833333333333334;0.35
16x16x24,49152,32,4,923.15,600.0,0.0,0.0,0.0,32,0,0.0;0.0;0.0;0.0;0.0;0.0;0.0;0.0;0.0;0.0;0.0;0.0;0.0;0.0;0.0;0.0;0.0;0.0;0.0;0.0;0.0;0.0;0.0;0.0;0.0;0.0;0.0;0.0;0.0;0.0;0.0;0.0,670.34375,661.0,679.46875,32,0,678.0;701.0;658.0;670.0;628.0;631.0;659.0;673.0;703.0;690.0;653.0;727.0;653.0;661.0;666.0;663.0;718.0;677.0;664.0;678.0;705.0;670.0;646.0;636.0;656.0;696.0;675.0;717.0;650.0;680.0;653.0;616.0,0.0,0.0,0.0,32,0,0.0;0.0;0.0;0.0;0.0;0.0;0.0;0.0;0.0;0.0;0.0;0.0;0.0;0.0;0.0;0.0;0.0;0.0;0.0;0.0;0.0;0.0;0.0;0.0;0.0;0.0;0.0;0.0;0.0;0.0;0.0;0.0,1.0,1.0,1.0,32,0,1.0;1.0;1.0;1.0;1.0;1.0;1.0;1.0;1.0;1.0;1.0;1.0;1.0;1.0;1.0;1.0;1.0;1.0;1.0;1.0;1.0;1.0;1.0;1.0;1.0;1.0;1.0;1.0;1.0;1.0;1.0;1.0,0.9921012675266581,0.9915259500560591,0.9926681249958953,32,0,0.9918798213560698;0.9911039223615042;0.994281045751634;0.99117529081428;0.9918032786885246;0.9911838790931989;0.9906882591093117;0.992619926199262;0.9948433161443871;0.9902912621359223;0.9934640522875817;0.9920095884938074;0.9883015597920277;0.9903147699757869;0.9909762100082035;0.9937862468931234;0.9932673267326733;0.9911290322580645;0.9930470347648261;0.9924841772151899;0.9908766362554542;0.9886547811993517;0.9923263327948304;0.992901878914405;0.9920382165605095;0.9911717495987159;0.9938448912597456;0.9947686116700202;0.9953936348408711;0.9938524590163934;0.9925773195876288;0.9901840490797545,1.0,1.0,1.0,32,0,1.0;1.0;1.0;1.0;1.0;1.0;1.0;1.0;1.0;1.0;1.0;1.0;1.0;1.0;1.0;1.0;1.0;1.0;1.0;1.0;1.0;1.0;1.0;1.0;1.0;1.0;1.0;1.0;1.0;1.0;1.0;1.0,0.0,0.0,0.0,32,0,0.0;0.0;0.0;0.0;0.0;0.0;0.0;0.0;0.0;0.0;0.0;0.0;0.0;0.0;0.0;0.0;0.0;0.0;0.0;0.0;0.0;0.0;0.0;0.0;0.0;0.0;0.0;0.0;0.0;0.0;0.0;0.0,,,,0,32,
16x16x24,49152,32,5,973.15,600.0,0.0,0.0,0.0,32,0,0.0;0.0;0.0;0.0;0.0;0.0;0.0;0.0;0.0;0.0;0.0;0.0;0.0;0.0;0.0;0.0;0.0;0.0;0.0;0.0;0.0;0.0;0.0;0.0;0.0;0.0;0.0;0.0;0.0;0.0;0.0;0.0,0.25,0.09375,0.4375,32,0,0.0;0.0;0.0;0.0;1.0;2.0;0.0;1.0;0.0;0.0;0.0;1.0;0.0;0.0;0.0;0.0;0.0;0.0;1.0;0.0;1.0;0.0;0.0;0.0;0.0;0.0;0.0;1.0;0.0;0.0;0.0;0.0,0.0,0.0,0.0,32,0,0.0;0.0;0.0;0.0;0.0;0.0;0.0;0.0;0.0;0.0;0.0;0.0;0.0;0.0;0.0;0.0;0.0;0.0;0.0;0.0;0.0;0.0;0.0;0.0;0.0;0.0;0.0;0.0;0.0;0.0;0.0;0.0,1.0,1.0,1.0,32,0,1.0;1.0;1.0;1.0;1.0;1.0;1.0;1.0;1.0;1.0;1.0;1.0;1.0;1.0;1.0;1.0;1.0;1.0;1.0;1.0;1.0;1.0;1.0;1.0;1.0;1.0;1.0;1.0;1.0;1.0;1.0;1.0,0.992203363518355,0.9915978807431146,0.9928057429504731,32,0,0.9918798213560698;0.9911039223615042;0.994281045751634;0.99117529081428;0.9922131147540983;0.9920235096557515;0.9906882591093117;0.993029930299303;0.9948433161443871;0.9902912621359223;0.9934640522875817;0.9924091090691171;0.9883015597920277;0.9903147699757869;0.9909762100082035;0.9937862468931234;0.9932673267326733;0.9911290322580645;0.9934560327198364;0.9924841772151899;0.9912733042443475;0.9886547811993517;0.9923263327948304;0.992901878914405;0.9920382165605095;0.9911717495987159;0.9938448912597456;0.9951710261569416;0.9953936348408711;0.9938524590163934;0.9925773195876288;0.9901840490797545,1.0,1.0,1.0,32,0,1.0;1.0;1.0;1.0;1.0;1.0;1.0;1.0;1.0;1.0;1.0;1.0;1.0;1.0;1.0;1.0;1.0;1.0;1.0;1.0;1.0;1.0;1.0;1.0;1.0;1.0;1.0;1.0;1.0;1.0;1.0;1.0,0.0,0.0,0.0,7,25,0.0;0.0;0.0;0.0;0.0;0.0;0.0,,,,0,32,
24x24x36,165888,32,1,773.15,600.0,433.5625,427.09375,439.90625,32,0,437.0;447.0;428.0;424.0;430.0;424.0;428.0;419.0;409.0;440.0;413.0;417.0;439.0;459.0;431.0;391.0;419.0;425.0;456.0;441.0;435.0;449.0;461.0;413.0;471.0;426.0;432.0;424.0;456.0;461.0;413.0;456.0,203.78125,198.9375,209.09375,32,0,205.0;213.0;204.0;203.0;206.0;206.0;192.0;204.0;192.0;200.0;196.0;191.0;176.0;227.0;196.0;208.0;220.0;220.0;186.0;204.0;219.0;192.0;201.0;249.0;189.0;201.0;211.0;203.0;195.0;224.0;180.0;208.0,86.15625,83.5,89.0,32,0,103.0;83.0;75.0;84.0;93.0;91.0;86.0;96.0;73.0;82.0;80.0;86.0;69.0;97.0;79.0;95.0;79.0;99.0;81.0;87.0;83.0;80.0;87.0;86.0;83.0;90.0;84.0;97.0;100.0;82.0;83.0;84.0,0.1903404940678445,0.18766797008809386,0.1928610804043747,32,0,0.19268077601410935;0.1925894011202068;0.18104906937394247;0.1864555848724714;0.18622780424426158;0.18474945533769063;0.1933152664859982;0.1828895678742907;0.17836894897514174;0.1903937689311986;0.18747162959600544;0.18265440210249673;0.19373345101500442;0.1978448275862069;0.1900352733686067;0.1740872662511131;0.18780815777678173;0.1877208480565371;0.20503597122302158;0.1897590361445783;0.19471799462846912;0.19632706602536074;0.19759965709387056;0.1893626776707932;0.19907016060862215;0.1895017793594306;0.190224570673712;0.186784140969163;0.2024866785079929;0.19426885798567214;0.1792534722222222;0.2064282480760525,0.0245992318386717,0.02409374854518229,0.025183698316444337,32,0,0.024624624624624624;0.02566574286058561;0.02468836984146194;0.024320115011381333;0.02494550738677646;0.02481628719431394;0.02339466309248203;0.024896265560165973;0.022983002154656453;0.02439917042820544;0.0240343347639485;0.023148709247363956;0.02158714583588863;0.02794878108840187;0.0239053543115014;0.024665006521996918;0.026394721055788842;0.026256116481680393;0.022447501810282405;0.025;0.026455665619714908;0.023115819889236697;0.02420228777844672;0.029590017825311943;0.022903538536112458;0.02426657008330315;0.025242253858117;0.024135061229342527;0.02332535885167464;0.026929550372685743;0.022037218413320275;0.024850657108721624,0.18770078600358,0.18198761255148654,0.19342313230843516,32,0,0.22587719298245615;0.16973415132924335;0.17045454545454544;0.1826086956521739;0.19294605809128632;0.1932059447983015;0.18984547461368653;0.19834710743801653;0.16294642857142858;0.1722689075630252;0.16701461377870563;0.18818380743982493;0.16507177033492823;0.2108695652173913;0.17873303167420815;0.1958762886597938;0.17555555555555555;0.2234762979683973;0.19424460431654678;0.1963882618510158;0.1824175824175824;0.16494845360824742;0.1963882618510158;0.19457013574660634;0.16973415132924335;0.1939655172413793;0.16766467065868262;0.2059447983014862;0.21141649048625794;0.1938534278959811;0.17965367965367965;0.19221967963386727,38.16365378440532,37.134602757557,39.169431920535985,32,0,38.05347746484175;37.46841831403747;37.4586585792566;37.29309562475232;37.27027587781529;36.755487112871386;39.774200241604;36.67892917818116;38.02699888804595;39.25941147666009;37.61951318603014;38.96363989983869;44.447372688860206;36.11500882613499;39.24139871436027;33.59837007244556;34.036370662000536;34.5191314929532;43.69552930504912;38.584339759485545;35.48316431828768;41.703350895404796;40.90972843484468;29.677601095843553;44.4076858142575;37.8361179117672;36.56352194964827;37.29309562475232;41.70193835303954;36.751656288724156;40.92581452087017;39.12361852830614,0.1990818181579783,0.19229428331077206,0.20659370035088598,32,0,0.23569794050343248;0.18568232662192394;0.17523364485981308;0.19811320754716982;0.21627906976744185;0.21462264150943397;0.20093457943925233;0.22911694510739858;0.1784841075794621;0.18636363636363637;0.1937046004842615;0.20623501199040767;0.1571753986332574;0.2113289760348584;0.18329466357308585;0.24296675191815856;0.18854415274463007;0.23294117647058823;0.17763157894736842;0.19727891156462585;0.19080459770114944;0.17817371937639198;0.18872017353579176;0.20823244552058112;0.1762208067940552;0.2112676056338028;0.19444444444444445;0.22877358490566038;0.21929824561403508;0.17787418655097614;0.2009685230024213;0.18421052631578946
24x24x36,165888,32,2,823.15,600.0,1752.1875,1737.03125,1767.1875,32,0,1739.0;1781.0;1839.0;1752.0;1789.0;1791.0;1698.0;1776.0;1794.0;1781.0;1700.0;1786.0;1725.0;1766.0;1735.0;1777.0;1717.0;1744.0;1671.0;1806.0;1704.0;1740.0;1767.0;1678.0;1817.0;1734.0;1741.0;1755.0;1702.0;1807.0;1791.0;1667.0,1488.40625,1473.84375,1502.03125,32,0,1522.0;1508.0;1502.0;1442.0;1461.0;1542.0;1484.0;1463.0;1506.0;1447.0;1555.0;1445.0;1469.0;1393.0;1424.0;1493.0;1504.0;1489.0;1513.0;1464.0;1487.0;1574.0;1507.0;1499.0;1451.0;1480.0;1527.0;1531.0;1514.0;1514.0;1491.0;1428.0,354.34375,347.625,361.03125,32,0,333.0;380.0;345.0;360.0;368.0;364.0;346.0;377.0;361.0;377.0;376.0;359.0;334.0;339.0;346.0;370.0;357.0;325.0;318.0;340.0;347.0;385.0;339.0;338.0;376.0;357.0;399.0;354.0;354.0;324.0;362.0;329.0,0.959480780134943,0.9583596661435717,0.9606317184459624,32,0,0.9594356261022927;0.959931064196467;0.9589678510998308;0.9569041336851363;0.9610220874837592;0.9651416122004357;0.960252935862692;0.9580969009166302;0.9607501090274749;0.9610558199913457;0.9591466182478439;0.964958388085852;0.9549867608120035;0.959051724137931;0.955026455026455;0.9652715939447908;0.9574181981174361;0.9580388692579506;0.9563848920863309;0.9668674698795181;0.9574753804834378;0.9571491036292086;0.9549935705100728;0.9587345254470426;0.967032967032967;0.9608540925266904;0.9568472038749449;0.9599118942731277;0.9582593250444049;0.9557522123893806;0.9565972222222222;0.9610683567224989,0.20430231721796227,0.20274538177485632,0.20579930273489716,32,0,0.20744744744744745;0.20737438245571754;0.20646254387026503;0.1970767940577453;0.20186485831920561;0.21057703891097457;0.20421591324479102;0.2034415425921406;0.203255925305243;0.20092716847627182;0.2147148988350705;0.1982789964852745;0.20176622102293634;0.19945826151194287;0.19758507135016465;0.2017075773745998;0.2068386322735453;0.20396228666905358;0.20504465363263336;0.20441176470588235;0.20608842715631795;0.21261738502287503;0.20565924142083084;0.2077243018419489;0.19873969946679593;0.20294579258722684;0.20791960760856562;0.20615860183093568;0.20442583732057415;0.20894445780235635;0.20457884427032322;0.1954599761051374,0.9590654803872628,0.9561432287044414,0.9620465884724944,32,0,0.956140350877193;0.9468302658486708;0.9545454545454546;0.9652173913043478;0.9564315352697096;0.9660297239915074;0.9536423841059603;0.9772727272727273;0.96875;0.9642857142857143;0.9519832985386222;0.973741794310722;0.9641148325358851;0.9478260869565217;0.9615384615384616;0.9587628865979382;0.9688888888888889;0.9571106094808126;0.9568345323741008;0.963882618510158;0.945054945054945;0.9587628865979382;0.9616252821670429;0.9592760180995475;0.9386503067484663;0.9633620689655172;0.9640718562874252;0.9575371549893843;0.959830866807611;0.9598108747044918;0.9632034632034632;0.9450800915331807,21.129811259164256,20.85660068489564,21.39529011416228,32,0,20.496075446634276;21.18193578507648;21.954406553962965;21.78707501071843;21.956834957166;20.83321693730909;20.52513686992332;21.768622494327023;21.363804858363064;22.06944538350469;19.615999234741736;22.16146872586251;21.06128780644828;22.727738013949523;21.848027096275406;21.345726271999972;20.479072843538045;21.007572936455713;19.81551533288537;22.119062502626278;20.55593260084857;19.833992361692076;21.030260790103576;20.082877206328344;22.45109431183799;21.01409486181184;20.45270459491448;20.56267823655558;20.16782416064871;21.404667445975832;21.541584119302907;20.93822454146814,0.2022729447580968,0.19836519870902292,0.20601442236374393,32,0,0.19148936170212766;0.2133632790567097;0.18760195758564438;0.2054794520547945;0.20570150922302963;0.2032384142936907;0.2037691401648999;0.21227477477477477;0.20122630992196208;0.2116788321167883;0.2211764705882353;0.20100783874580067;0.1936231884057971;0.19195922989807473;0.1994236311239193;0.20821609454136183;0.2079207920792079;0.18635321100917432;0.19030520646319568;0.18826135105204872;0.20363849765258216;0.22126436781609196;0.19185059422750425;0.20143027413587605;0.20693450742982938;0.20588235294117646;0.22917863296955773;0.20170940170940171;0.20799059929494712;0.1793027116768124;0.20212171970965942;0.19736052789442113
24x24x36,165888,32,3,873.15,600.0,92.28125,89.65625,94.84375,32,0,92.0;93.0;97.0;98.0;90.0;80.0;88.0;96.0;90.0;90.0;90.0;80.0;102.0;95.0;102.0;78.0;95.0;95.0;97.0;77.0;95.0;98.0;105.0;90.0;78.0;88.0;98.0;91.0;94.0;105.0;100.0;86.0,4245.3125,4226.46875,4263.53125,32,0,4245.0;4190.0;4180.0;4279.0;4183.0;4222.0;4216.0;4207.0;4267.0;4220.0;4104.0;4247.0;4200.0;4254.0;4215.0;4345.0;4281.0;4355.0;4232.0;4244.0;4223.0;4261.0;4286.0;4325.0;4266.0;4222.0;4275.0;4283.0;4300.0;4246.0;4160.0;4317.0,18.8125,17.46875,20.3125,32,0,20.0;26.0;20.0;16.0;21.0;16.0;21.0;11.0;14.0;17.0;23.0;12.0;15.0;24.0;17.0;20.0;14.0;19.0;18.0;16.0;25.0;20.0;17.0;18.0;30.0;17.0;18.0;20.0;19.0;17.0;17.0;24.0,1.0,1.0,1.0,32,0,1.0;1.0;1.0;1.0;1.0;1.0;1.0;1.0;1.0;1.0;1.0;1.0;1.0;1.0;1.0;1.0;1.0;1.0;1.0;1.0;1.0;1.0;1.0;1.0;1.0;1.0;1.0;1.0;1.0;1.0;1.0;1.0,0.716864734878679,0.715397607802307,0.7183773967022195,32,0,0.7173573573573574;0.7122544884925894;0.7123320827786518;0.7097160656523301;0.7084039719060305;0.7191904589808457;0.7179237236505422;0.7168659995118379;0.7140292075652382;0.7157496645114066;0.7179644389944819;0.7130044843049327;0.7169140193793696;0.723220881556267;0.7116721551408708;0.7169453338076603;0.7204559088182364;0.7237140470223177;0.7157856625633598;0.7245098039215686;0.7162358057501812;0.7256200337105707;0.721733895243829;0.7216874628639335;0.71570528356762;0.7126644935409876;0.7193444191888982;0.7153727261918915;0.7187799043062201;0.7194037028131762;0.7138834476003918;0.7112305854241339,1.0,1.0,1.0,32,0,1.0;1.0;1.0;1.0;1.0;1.0;1.0;1.0;1.0;1.0;1.0;1.0;1.0;1.0;1.0;1.0;1.0;1.0;1.0;1.0;1.0;1.0;1.0;1.0;1.0;1.0;1.0;1.0;1.0;1.0;1.0;1.0,0.3922344946046133,0.38068826675050127,0.4032382583612236,32,0,0.39094728105777193;0.40038320720395987;0.4186009292990721;0.41313233070784666;0.3881173431776594;0.34181076542280514;0.37652331220815677;0.41162741912929107;0.380477685520035;0.38471478141128546;0.3955875938456953;0.3397988830509436;0.4380798445514944;0.402840153227069;0.4365210301417298;0.3238328967232081;0.40029974735604007;0.39349861050156276;0.4134580289662216;0.32728874948399045;0.4057969707422575;0.41487734994246844;0.4419153241149386;0.375375856595767;0.32982925406099356;0.37598828035699605;0.4135188429759832;0.38326777598316353;0.39433656981362214;0.4460779307506882;0.4336202915971736;0.359358787427735,0.20593616984829646,0.18940684962328685,0.22480481889404144,32,0,0.21739130434782608;0.27956989247311825;0.20618556701030927;0.16326530612244897;0.23333333333333334;0.2;0.23863636363636365;0.11458333333333333;0.15555555555555556;0.18888888888888888;0.25555555555555554;0.15;0.14705882352941177;0.25263157894736843;0.16666666666666666;0.2564102564102564;0.14736842105263157;0.2;0.18556701030927836;0.2077922077922078;0.2631578947368421;0.20408163265306123;0.1619047619047619;0.2;0.38461538461538464;0.19318181818181818;0.1836734693877551;0.21978021978021978;0.20212765957446807;0.1619047619047619;0.17;0.27906976744186046
24x24x36,165888,32,4,923.15,600.0,0.0,0.0,0.0,32,0,0.0;0.0;0.0;0.0;0.0;0.0;0.0;0.0;0.0;0.0;0.0;0.0;0.0;0.0;0.0;0.0;0.0;0.0;0.0;0.0;0.0;0.0;0.0;0.0;0.0;0.0;0.0;0.0;0.0;0.0;0.0;0.0,2278.28125,2263.96875,2293.21875,32,0,2287.0;2322.0;2318.0;2360.0;2332.0;2283.0;2235.0;2269.0;2315.0;2261.0;2235.0;2304.0;2247.0;2187.0;2296.0;2316.0;2263.0;2235.0;2287.0;2185.0;2274.0;2210.0;2242.0;2279.0;2272.0;2321.0;2279.0;2322.0;2301.0;2264.0;2259.0;2345.0,0.0,0.0,0.0,32,0,0.0;0.0;0.0;0.0;0.0;0.0;0.0;0.0;0.0;0.0;0.0;0.0;0.0;0.0;0.0;0.0;0.0;0.0;0.0;0.0;0.0;0.0;0.0;0.0;0.0;0.0;0.0;0.0;0.0;0.0;0.0;0.0,1.0,1.0,1.0,32,0,1.0;1.0;1.0;1.0;1.0;1.0;1.0;1.0;1.0;1.0;1.0;1.0;1.0;1.0;1.0;1.0;1.0;1.0;1.0;1.0;1.0;1.0;1.0;1.0;1.0;1.0;1.0;1.0;1.0;1.0;1.0;1.0,0.9919336258161078,0.9916166441531504,0.9922648211932101,32,0,0.992072072072072;0.9920472346065791;0.9928597361733027;0.9924523780999162;0.9907968031000243;0.9942175641488977;0.9902522237114658;0.9937759336099585;0.9911419679195594;0.9915822862022691;0.9920294297976702;0.9922433644406738;0.9925180915000613;0.9924895345973898;0.9917063056470301;0.991580694889126;0.9919616076784643;0.990452321279389;0.9917933864349505;0.9922794117647059;0.9909398405411936;0.9916927522273056;0.9916917519566526;0.9925133689839573;0.9910324769752787;0.992876976940722;0.9919846871635363;0.9914397812388539;0.9940191387559809;0.9915845155085357;0.9904505386875612;0.9913978494623656,1.0,1.0,1.0,32,0,1.0;1.0;1.0;1.0;1.0;1.0;1.0;1.0;1.0;1.0;1.0;1.0;1.0;1.0;1.0;1.0;1.0;1.0;1.0;1.0;1.0;1.0;1.0;1.0;1.0;1.0;1.0;1.0;1.0;1.0;1.0;1.0,0.0,0.0,0.0,32,0,0.0;0.0;0.0;0.0;0.0;0.0;0.0;0.0;0.0;0.0;0.0;0.0;0.0;0.0;0.0;0.0;0.0;0.0;0.0;0.0;0.0;0.0;0.0;0.0;0.0;0.0;0.0;0.0;0.0;0.0;0.0;0.0,,,,0,32,
24x24x36,165888,32,5,973.15,600.0,0.0,0.0,0.0,32,0,0.0;0.0;0.0;0.0;0.0;0.0;0.0;0.0;0.0;0.0;0.0;0.0;0.0;0.0;0.0;0.0;0.0;0.0;0.0;0.0;0.0;0.0;0.0;0.0;0.0;0.0;0.0;0.0;0.0;0.0;0.0;0.0,0.8125,0.5,1.15625,32,0,2.0;0.0;1.0;2.0;1.0;0.0;1.0;0.0;2.0;1.0;0.0;3.0;0.0;0.0;0.0;2.0;4.0;0.0;0.0;0.0;0.0;1.0;0.0;0.0;2.0;0.0;1.0;1.0;1.0;0.0;1.0;0.0,0.0,0.0,0.0,32,0,0.0;0.0;0.0;0.0;0.0;0.0;0.0;0.0;0.0;0.0;0.0;0.0;0.0;0.0;0.0;0.0;0.0;0.0;0.0;0.0;0.0;0.0;0.0;0.0;0.0;0.0;0.0;0.0;0.0;0.0;0.0;0.0,1.0,1.0,1.0,32,0,1.0;1.0;1.0;1.0;1.0;1.0;1.0;1.0;1.0;1.0;1.0;1.0;1.0;1.0;1.0;1.0;1.0;1.0;1.0;1.0;1.0;1.0;1.0;1.0;1.0;1.0;1.0;1.0;1.0;1.0;1.0;1.0,0.9920314133981578,0.9917320092208656,0.9923501567670433,32,0,0.9923123123123123;0.9920472346065791;0.9929807575940942;0.9926919851443633;0.9909178977960765;0.9942175641488977;0.9903740709150725;0.9937759336099585;0.9913813741920038;0.9917042820544102;0.9920294297976702;0.9926069567325173;0.9925180915000613;0.9924895345973898;0.9917063056470301;0.991817858413376;0.9924415116976605;0.990452321279389;0.9917933864349505;0.9922794117647059;0.9909398405411936;0.991813147122562;0.9916917519566526;0.9925133689839573;0.9912748424624334;0.992876976940722;0.9921043186984089;0.991558673166092;0.9941387559808612;0.9915845155085357;0.9905729676787464;0.9913978494623656,1.0,1.0,1.0,32,0,1.0;1.0;1.0;1.0;1.0;1.0;1.0;1.0;1.0;1.0;1.0;1.0;1.0;1.0;1.0;1.0;1.0;1.0;1.0;1.0;1.0;1.0;1.0;1.0;1.0;1.0;1.0;1.0;1.0;1.0;1.0;1.0,0.0,0.0,0.0,16,16,0.0;0.0;0.0;0.0;0.0;0.0;0.0;0.0;0.0;0.0;0.0;0.0;0.0;0.0;0.0;0.0,,,,0,32,
36x36x54,559872,32,1,773.15,600.0,1349.3125,1334.84375,1364.6875,32,0,1349.0;1293.0;1397.0;1369.0;1334.0;1404.0;1304.0;1365.0;1335.0;1252.0;1446.0;1328.0;1361.0;1322.0;1334.0;1443.0;1342.0;1394.0;1296.0;1360.0;1305.0;1400.0;1358.0;1312.0;1338.0;1382.0;1387.0;1352.0;1364.0;1312.0;1309.0;1331.0,629.8125,622.5,637.40625,32,0,617.0;613.0;656.0;622.0;638.0;642.0;616.0;622.0;609.0;625.0;640.0;630.0;680.0;611.0;587.0;629.0;644.0;627.0;641.0;658.0;672.0;626.0;627.0;602.0;653.0;627.0;599.0;608.0;627.0;625.0;613.0;668.0,266.46875,260.625,273.15625,32,0,266.0;261.0;251.0;245.0;261.0;285.0;235.0;250.0;261.0;260.0;274.0;257.0;274.0;274.0;299.0;262.0;269.0;282.0;277.0;261.0;325.0;238.0;268.0;246.0;254.0;273.0;299.0;254.0;261.0;272.0;248.0;285.0,0.17509742271302697,0.17316435439596584,0.17705453808272803,32,0,0.17381780698363614;0.16908591604550804;0.17880455650838345;0.17621315484618355;0.172373691691433;0.18274111675126903;0.16906521457279916;0.17597009153023077;0.17505900865460267;0.16436917421557043;0.18788981288981288;0.1752441277381895;0.17570358894913504;0.17215783305117854;0.1738110749185668;0.19067124735729388;0.1733402221648153;0.17977817900438484;0.16824613786836298;0.17480719794344474;0.17063284518828453;0.18064516129032257;0.17572463768115942;0.17065556711758584;0.17693731816979635;0.17688467938051966;0.17594824305467463;0.1771256386741779;0.1771198545643423;0.16902860087606286;0.16794970490120606;0.17531612223393045,0.022539949165433403,0.022288116650989037,0.022802875336749864,32,0,0.02211548801032295;0.022060675855615934;0.023616661266515463;0.022161256992197242;0.022776766270393774;0.023222165955291904;0.02194279200655434;0.02219130186592458;0.021661035034678998;0.02247554660529344;0.02284898250624777;0.022551546391752577;0.02425626025540415;0.021680505287062665;0.02103716446260259;0.02254722730042657;0.02297784279444821;0.022432915921288016;0.023009548424151052;0.023619786057864887;0.024001714408172014;0.022341184867951464;0.02230205591520239;0.02161735133582304;0.023367328681338343;0.022278283115406482;0.021564603808906648;0.021951043396635134;0.02249085300236746;0.022369362920544023;0.022121179315073437;0.02368794326241135,0.17136158314670005,0.16792634754952296,0.17510687050133072,32,0,0.1656288916562889;0.163125;0.16459016393442624;0.1618229854689564;0.16838709677419356;0.18398967075532602;0.1494910941475827;0.1667778519012675;0.17092337917485265;0.1716171617161716;0.18303273213092852;0.16307106598984772;0.16789215686274508;0.17723156532988357;0.18746081504702194;0.16603295310519645;0.17014547754585704;0.18042226487523993;0.1762086513994911;0.174;0.1984126984126984;0.16245733788395905;0.16411512553582364;0.16389073950699534;0.15934755332496864;0.1721311475409836;0.19478827361563517;0.16655737704918033;0.1676300578034682;0.18097139055222888;0.15907633098139834;0.18234165067178504,38.27890109880982,37.729237019250135,38.835706877970836,32,0,39.01907080205114;37.6576002619184;38.0157790348897;39.27643945314397;37.33266453541631;39.028430461748215;37.79160048663326;39.16291657397081;39.12027374542589;35.78206630541438;40.30721950818087;37.63353572851386;35.751478845330446;38.61791658718644;40.54003528737071;40.920051073381885;37.20793350352391;39.67040981868252;36.1117275600608;36.90780060990177;34.69869705208031;39.902228492908186;38.656819996743316;38.89577018781223;36.5920063522113;39.332609814979676;41.297570904243976;39.67744664621744;38.82579118506292;37.47916957675503;38.11869889595317;35.59307587420137,0.197671945078564,0.19254598489872246,0.20297430318592682,32,0,0.19718309859154928;0.20185614849187936;0.1796707229778096;0.1789627465303141;0.1956521739130435;0.202991452991453;0.18021472392638035;0.18315018315018314;0.19550561797752808;0.20766773162939298;0.18948824343015214;0.19352409638554216;0.20132255694342396;0.20726172465960666;0.22413793103448276;0.18156618156618157;0.20044709388971685;0.20229555236728838;0.21373456790123457;0.19191176470588237;0.24904214559386972;0.17;0.19734904270986744;0.1875;0.1898355754857997;0.1975397973950796;0.21557317952415284;0.1878698224852071;0.19134897360703812;0.2073170731707317;0.1894576012223071;0.21412471825694968
36x36x54,559872,32,2,823.15,600.0,6037.8125,6011.71875,6059.84375,32,0,6102.0;6022.0;6071.0;6081.0;6065.0;5970.0;6087.0;6059.0;5992.0;6053.0;5925.0;5932.0;6040.0;6069.0;6039.0;5827.0;6091.0;6044.0;6053.0;6096.0;6052.0;6045.0;6063.0;6064.0;5938.0;6119.0;6144.0;5931.0;6032.0;6106.0;6155.0;5943.0,5081.4375,5055.34375,5108.3125,32,0,5062.0;5092.0;4975.0;5169.0;5081.0;4993.0;5131.0;5066.0;5211.0;4979.0;4976.0;5146.0;5065.0;5295.0;5206.0;5146.0;4980.0;5014.0;5136.0;4992.0;5071.0;5102.0;5149.0;5060.0;5010.0;5152.0;5042.0;5055.0;5087.0;4999.0;5066.0;5098.0,1223.75,1210.25,1236.78125,32,0,1266.0;1262.0;1206.0;1206.0;1225.0;1204.0;1276.0;1191.0;1201.0;1201.0;1164.0;1251.0;1288.0;1215.0;1245.0;1256.0;1254.0;1215.0;1227.0;1164.0;1240.0;1175.0;1295.0;1205.0;1278.0;1242.0;1167.0;1194.0;1234.0;1158.0;1255.0;1200.0,0.9585960435871971,0.9577996223659653,0.9593371620008279,32,0,0.9600566937250354;0.9565842814175494;0.9558428260591322;0.9589393744368645;0.956066675281044;0.9597813354158532;0.9582523013094775;0.9570710326157019;0.9607920272751115;0.9590389917290272;0.9577702702702703;0.9580364212193191;0.9554608830364059;0.9624951165516343;0.9606514657980456;0.9606236786469344;0.960087832601395;0.9592468403404695;0.9540438790081787;0.9583547557840617;0.9619508368200836;0.9606451612903226;0.9602743271221532;0.959417273673257;0.9621793176408358;0.9600665557404326;0.9553469491310415;0.9541464692781344;0.9603947539280613;0.9556815253800567;0.9576597382602001;0.958113804004215,0.20439505588508103,0.2036740539712588,0.20512376348633218,32,0,0.20355568299939067;0.20531183647029186;0.2027216762069338;0.20632771582285245;0.2041697904394702;0.20382695507487522;0.20471627542478538;0.20293267687038424;0.20700693579939533;0.2015247410817031;0.20049982149232418;0.206758304696449;0.20492972818720126;0.20956638989425874;0.2076120847220729;0.20701150661361437;0.20066364577015022;0.201824686940966;0.20737310646851892;0.20281427238136263;0.2051217944138867;0.20442541042112777;0.20544924237034928;0.20331801206549843;0.20264805868670602;0.20533683911313247;0.20308168628721604;0.2044551953209618;0.20496448812683837;0.20128847530422334;0.20493666774926925;0.20446808510638298,0.9584318100776348,0.956810536619511,0.9601005106140205,32,0,0.9539227895392279;0.951875;0.9554098360655737;0.9583883751651255;0.9587096774193549;0.961265332472563;0.9611959287531806;0.9613075383589059;0.9574328749181401;0.9643564356435643;0.9605878423513694;0.9568527918781726;0.9571078431372549;0.963130659767141;0.9680250783699059;0.9619771863117871;0.963314358001265;0.9577735124760077;0.9567430025445293;0.95;0.9554334554334555;0.9645051194539249;0.9571341090018372;0.966688874083944;0.9611041405269761;0.955233291298865;0.9550488599348534;0.9495081967213115;0.960179833012203;0.9514304723885563;0.9640795381654907;0.9500959692898272,21.314818984588356,21.167734699430884,21.4526720661079,32,0,21.617259226113013;21.21055215325244;21.8819385318714;21.09995008321648;21.40708463901756;21.442941291543697;21.27614758739112;21.44897931037235;20.626275383581557;21.800029057470624;21.354540743235187;20.677369049944314;21.386312572010425;20.560288808067508;20.80698496668403;20.31341982972441;21.93168014446819;21.616767591060427;21.137522566364087;21.897129932997967;21.40334616455654;21.24960001913248;21.119095985843472;21.49187793648425;21.256732924577488;21.300674116739334;21.850971295285046;21.04391208909246;21.266326964626245;21.90230652200738;21.78677733750765;20.909412682588325,0.20271338293375057,0.20023213077862392,0.20501766650833134,32,0,0.20747295968534907;0.2095649285951511;0.1986493164223357;0.19832264430192403;0.2019785655399835;0.2016750418760469;0.20962707409232792;0.1965670902789239;0.20043391188251;0.19841400958202543;0.19645569620253164;0.21089008766014836;0.21324503311258278;0.20019772614928324;0.20615996025832092;0.2155483095932727;0.20587752421605648;0.20102581072137657;0.2027094002973732;0.19094488188976377;0.2048909451421018;0.19437551695616212;0.21359063170047832;0.19871372031662268;0.21522398113843044;0.20297434221277988;0.18994140625;0.2013151239251391;0.20457559681697612;0.18964952505732066;0.20389926888708368;0.20191822311963656
36x36x54,559872,32,3,873.15,600.0,319.125,312.6875,325.65625,32,0,310.0;332.0;345.0;319.0;340.0;309.0;322.0;333.0;299.0;312.0;325.0;318.0;345.0;288.0;302.0;298.0;309.0;316.0;354.0;324.0;291.0;305.0;307.0;312.0;286.0;312.0;352.0;350.0;305.0;344.0;330.0;318.0,14309.84375,14271.1875,14346.78125,32,0,14277.0;14085.0;14321.0;14378.0;14351.0;14167.0;14391.0;14411.0;14339.0;14288.0;14450.0;14344.0;14426.0;14279.0;14355.0;14155.0;14299.0;14360.0;14211.0;14323.0;14404.0;14351.0;14301.0;14252.0;14188.0;14578.0;14203.0;14178.0;14194.0;14336.0;14146.0;14574.0,64.65625,61.9375,67.125,32,0,74.0;77.0;68.0;63.0;64.0;60.0;61.0;58.0;65.0;54.0;59.0;68.0;70.0;57.0;51.0;60.0;58.0;66.0;68.0;75.0;73.0;52.0;70.0;50.0;62.0;71.0;69.0;77.0;62.0;73.0;56.0;78.0,1.0,1.0,1.0,32,0,1.0;1.0;1.0;1.0;1.0;1.0;1.0;1.0;1.0;1.0;1.0;1.0;1.0;1.0;1.0;1.0;1.0;1.0;1.0;1.0;1.0;1.0;1.0;1.0;1.0;1.0;1.0;1.0;1.0;1.0;1.0;1.0,0.7165221327008638,0.7155458952045721,0.7175708608141669,32,0,0.7152944549983871;0.7122035484219239;0.718292112179141;0.7186019168418427;0.7165042304808825;0.7162699848079288;0.7173440672532326;0.7170787398765565;0.717019384670105;0.7153337169159953;0.7163870046411995;0.7202176403207331;0.7195191553114075;0.7162373145979704;0.7220728953875928;0.7144137362440406;0.7108502515431548;0.7155992844364938;0.7174958719218896;0.7169574269509656;0.7195871133652404;0.7165952890792291;0.7141281923596785;0.715096236713588;0.7103596349973161;0.7233158044343377;0.7144040033120928;0.7163333092642068;0.7141114857593801;0.7143879742304939;0.7154198693659558;0.7212765957446808,1.0,1.0,1.0,32,0,1.0;1.0;1.0;1.0;1.0;1.0;1.0;1.0;1.0;1.0;1.0;1.0;1.0;1.0;1.0;1.0;1.0;1.0;1.0;1.0;1.0;1.0;1.0;1.0;1.0;1.0;1.0;1.0;1.0;1.0;1.0;1.0,0.4023170866287402,0.3941195092942654,0.4106141003678715,32,0,0.3916811851996759;0.4251920881089559;0.4345588161565267;0.4002203356820868;0.42736645773969345;0.3934489120029626;0.4036188470983299;0.4168262532311642;0.3761509551037709;0.39390442614162824;0.4057156874643199;0.3999114407714926;0.4313962471352244;0.36383629603738576;0.3795012303056401;0.3797657554292467;0.3898172142746309;0.3969538185098894;0.44934473521791013;0.4080534213064767;0.36443588293888707;0.38337752590199714;0.3872402388663659;0.3948993045758017;0.36362706965337066;0.3860693279314077;0.4470580162954629;0.44530194698954917;0.3876176136780517;0.4328460625306634;0.42080874455181766;0.3936009152893002,0.20277263548622435,0.19480488253990128,0.21074504869051375,32,0,0.23870967741935484;0.2319277108433735;0.19710144927536233;0.1974921630094044;0.18823529411764706;0.1941747572815534;0.18944099378881987;0.17417417417417416;0.21739130434782608;0.17307692307692307;0.18153846153846154;0.2138364779874214;0.2028985507246377;0.19791666666666666;0.16887417218543047;0.20134228187919462;0.18770226537216828;0.2088607594936709;0.192090395480226;0.23148148148148148;0.2508591065292096;0.17049180327868851;0.2280130293159609;0.16025641025641027;0.21678321678321677;0.22756410256410256;0.19602272727272727;0.22;0.20327868852459016;0.21220930232558138;0.1696969696969697;0.24528301886792453
36x36x54,559872,32,4,923.15,600.0,0.0,0.0,0.0,32,0,0.0;0.0;0.0;0.0;0.0;0.0;0.0;0.0;0.0;0.0;0.0;0.0;0.0;0.0;0.0;0.0;0.0;0.0;0.0;0.0;0.0;0.0;0.0;0.0;0.0;0.0;0.0;0.0;0.0;0.0;0.0;0.0,7697.625,7668.875,7727.5625,32,0,7716.0;7792.0;7589.0;7658.0;7719.0;7597.0;7712.0;7684.0;7731.0;7708.0;7730.0;7582.0;7648.0;7776.0;7536.0;7753.0;7906.0;7754.0;7672.0;7669.0;7594.0;7693.0;7797.0;7717.0;7880.0;7570.0;7716.0;7640.0;7751.0;7748.0;7646.0;7640.0,0.0,0.0,0.0,32,0,0.0;0.0;0.0;0.0;0.0;0.0;0.0;0.0;0.0;0.0;0.0;0.0;0.0;0.0;0.0;0.0;0.0;0.0;0.0;0.0;0.0;0.0;0.0;0.0;0.0;0.0;0.0;0.0;0.0;0.0;0.0;0.0,1.0,1.0,1.0,32,0,1.0;1.0;1.0;1.0;1.0;1.0;1.0;1.0;1.0;1.0;1.0;1.0;1.0;1.0;1.0;1.0;1.0;1.0;1.0;1.0;1.0;1.0;1.0;1.0;1.0;1.0;1.0;1.0;1.0;1.0;1.0;1.0,0.9920134660987522,0.9918233429430299,0.9922024400218639,32,0,0.991863507652604;0.9926224493468169;0.991503762105339;0.991449032671821;0.9920745421441577;0.991065615278883;0.9920564243223026;0.991223375789361;0.9919971545438379;0.9925201380897584;0.9923598714744734;0.9916237113402062;0.9923307412427766;0.9921581151089348;0.992151381571874;0.9923289242570886;0.9929353837371107;0.9930232558139535;0.9928925263838035;0.9922463924186948;0.9908207729123509;0.9911491791577445;0.9914633278793483;0.992207698937087;0.992342100554661;0.9922896532120523;0.9921877812578752;0.9921654993140299;0.9921443432096994;0.991696492483894;0.9913391793872469;0.9921985815602837,1.0,1.0,1.0,32,0,1.0;1.0;1.0;1.0;1.0;1.0;1.0;1.0;1.0;1.0;1.0;1.0;1.0;1.0;1.0;1.0;1.0;1.0;1.0;1.0;1.0;1.0;1.0;1.0;1.0;1.0;1.0;1.0;1.0;1.0;1.0;1.0,0.0,0.0,0.0,32,0,0.0;0.0;0.0;0.0;0.0;0.0;0.0;0.0;0.0;0.0;0.0;0.0;0.0;0.0;0.0;0.0;0.0;0.0;0.0;0.0;0.0;0.0;0.0;0.0;0.0;0.0;0.0;0.0;0.0;0.0;0.0;0.0,,,,0,32,
36x36x54,559872,32,5,973.15,600.0,0.0,0.0,0.0,32,0,0.0;0.0;0.0;0.0;0.0;0.0;0.0;0.0;0.0;0.0;0.0;0.0;0.0;0.0;0.0;0.0;0.0;0.0;0.0;0.0;0.0;0.0;0.0;0.0;0.0;0.0;0.0;0.0;0.0;0.0;0.0;0.0,1.8125,1.3125,2.34375,32,0,2.0;5.0;2.0;0.0;1.0;4.0;0.0;3.0;3.0;3.0;0.0;0.0;0.0;3.0;2.0;1.0;0.0;1.0;1.0;0.0;2.0;1.0;1.0;1.0;4.0;1.0;3.0;2.0;1.0;2.0;4.0;5.0,0.0,0.0,0.0,32,0,0.0;0.0;0.0;0.0;0.0;0.0;0.0;0.0;0.0;0.0;0.0;0.0;0.0;0.0;0.0;0.0;0.0;0.0;0.0;0.0;0.0;0.0;0.0;0.0;0.0;0.0;0.0;0.0;0.0;0.0;0.0;0.0,1.0,1.0,1.0,32,0,1.0;1.0;1.0;1.0;1.0;1.0;1.0;1.0;1.0;1.0;1.0;1.0;1.0;1.0;1.0;1.0;1.0;1.0;1.0;1.0;1.0;1.0;1.0;1.0;1.0;1.0;1.0;1.0;1.0;1.0;1.0;1.0,0.9920783995273297,0.9918856664404153,0.9922591904857054,32,0,0.9919351948098498;0.9928023896066506;0.9915757641213954;0.991449032671821;0.9921102424047695;0.9912103016711278;0.9920564243223026;0.9913304077919298;0.9921038591499199;0.9926280207134638;0.9923598714744734;0.9916237113402062;0.9923307412427766;0.9922645660350579;0.9922230584524961;0.9923647704054199;0.9929353837371107;0.9930590339892665;0.9929284227151985;0.9922463924186948;0.9908922065861847;0.9911848679514632;0.9914988973465177;0.9922436081585752;0.9924852388620504;0.9923251847640705;0.9922957842819599;0.9922377066936241;0.9921802137886505;0.9917680744452398;0.9914835263974595;0.9923758865248227,1.0,1.0,1.0,32,0,1.0;1.0;1.0;1.0;1.0;1.0;1.0;1.0;1.0;1.0;1.0;1.0;1.0;1.0;1.0;1.0;1.0;1.0;1.0;1.0;1.0;1.0;1.0;1.0;1.0;1.0;1.0;1.0;1.0;1.0;1.0;1.0,0.0,0.0,0.0,25,7,0.0;0.0;0.0;0.0;0.0;0.0;0.0;0.0;0.0;0.0;0.0;0.0;0.0;0.0;0.0;0.0;0.0;0.0;0.0;0.0;0.0;0.0;0.0;0.0;0.0,,,,0,32,
