scenario,replica,seed,window_start_step,window_end_step,window_start_time_s,window_end_time_s,area_time_a2_s,gross_si_events,adsorb_si_events,net_si_events,gross_al_events,adsorb_al_events,net_al_events,gross_si_flux_mol_m2_s,net_si_flux_mol_m2_s,gross_al_flux_mol_m2_s,net_al_flux_mol_m2_s,expected_gross_si_flux_from_propensity_mol_m2_s,expected_gross_al_flux_from_propensity_mol_m2_s,gross_si_upper_95_mol_m2_s,gross_al_upper_95_mol_m2_s,si_al_net_ratio_dimensionless,steady_state_status,acceptance_passed,log10_gross_si_flux_mol_m2_s,log10_net_si_flux_mol_m2_s,log10_gross_al_flux_mol_m2_s,log10_net_al_flux_mol_m2_s,log10_expected_gross_si_flux_from_propensity_mol_m2_s,log10_expected_gross_al_flux_from_propensity_mol_m2_s
nominal,0,90401,8000,20000,578.8338167,1419.144527,617584.6927197785,0,0,0,0,0,0,0.0,0.0,0.0,0.0,0.0,0.0,8.054815045888878e-10,8.054815045888878e-10,undefined,steady-zero,False,undefined,undefined,undefined,undefined,undefined,undefined
nominal,1,90403,8000,20000,574.4201187,1434.076447,631802.7163645551,0,0,0,0,0,0,0.0,0.0,0.0,0.0,0.0,0.0,7.873550312752357e-10,7.873550312752357e-10,undefined,steady-zero,False,undefined,undefined,undefined,undefined,undefined,undefined
nominal,2,90407,8000,20000,577.6964241,1445.428068,637737.6535756501,0,1,-1,0,0,0,0.0,-2.603796495100425e-10,0.0,0.0,2.1738401552008652e-21,0.0,7.800277194139109e-10,7.800277194139109e-10,undefined,steady-zero,False,undefined,undefined,undefined,undefined,-20.662772393214958,undefined
nominal,3,90409,8000,20000,610.0296045,1539.300742,682965.9825487727,0,2,-2,0,0,0,0.0,-4.8627284802e-10,0.0,0.0,1.0989150414932637e-20,0.0,7.283716322832645e-10,7.283716322832645e-10,undefined,steady-zero,False,undefined,undefined,undefined,undefined,-19.959035882132383,undefined
nominal,4,90413,8000,20000,579.9652283,1456.543445,644239.424738796,0,1,-1,0,0,0,0.0,-2.5775185488641973e-10,0.0,0.0,2.0688889944684092e-21,0.0,7.721555502516525e-10,7.721555502516525e-10,undefined,steady-zero,False,undefined,undefined,undefined,undefined,-20.68426281063109,undefined
nominal,5,90419,8000,20000,611.4099099,1513.534412,663014.6166118808,0,1,-1,0,0,0,0.0,-2.5045285964576287e-10,0.0,0.0,1.0232534093287228e-20,0.0,7.502897146446998e-10,7.502897146446998e-10,undefined,steady-zero,False,undefined,undefined,undefined,undefined,-19.990016799675427,undefined
nominal,6,90421,8000,20000,578.3516857,1496.714302,674948.7864917049,0,2,-2,0,0,0,0.0,-4.920489081268256e-10,0.0,0.0,9.803104850262573e-21,0.0,7.370233971212671e-10,7.370233971212671e-10,undefined,steady-zero,False,undefined,undefined,undefined,undefined,-20.008636352289425,undefined
nominal,7,90427,8000,20000,607.5869487,1549.304179,692113.213808869,0,1,-1,0,0,0,0.0,-2.399230406302305e-10,0.0,0.0,1.2961302899597068e-20,0.0,7.187451959851869e-10,7.187451959851869e-10,undefined,steady-zero,False,undefined,undefined,undefined,undefined,-19.887351340003647,undefined
siloxane-neutral__ea-minus-3,0,90401,8000,20000,578.7553286,1420.094904,618340.8550878707,0,0,0,0,0,0,0.0,0.0,0.0,0.0,0.0,0.0,8.044964899372554e-10,8.044964899372554e-10,undefined,steady-zero,False,undefined,undefined,undefined,undefined,undefined,undefined
siloxane-neutral__ea-minus-3,1,90403,8000,20000,575.2675313,1435.065538,631906.8426241118,0,0,0,0,0,0,0.0,0.0,0.0,0.0,0.0,0.0,7.872252901032467e-10,7.872252901032467e-10,undefined,steady-zero,False,undefined,undefined,undefined,undefined,undefined,undefined
siloxane-neutral__ea-minus-3,2,90407,8000,20000,577.6180673,1445.165395,637602.1907494061,0,1,-1,0,0,0,0.0,-2.6043496889841784e-10,0.0,0.0,2.1734808164745653e-21,0.0,7.801934414910202e-10,7.801934414910202e-10,undefined,steady-zero,False,undefined,undefined,undefined,undefined,-20.662844188616003,undefined
siloxane-neutral__ea-minus-3,3,90409,8000,20000,609.7314323,1554.415142,694293.4219702698,0,2,-2,0,0,0,0.0,-4.783392769188449e-10,0.0,0.0,4.113983169615928e-21,0.0,7.164882047871317e-10,7.164882047871317e-10,undefined,steady-zero,False,undefined,undefined,undefined,undefined,-20.385737489344717,undefined
siloxane-neutral__ea-minus-3,4,90413,8000,20000,574.922023,1440.059763,635831.2690402749,0,0,0,0,0,0,0.0,0.0,0.0,0.0,0.0,0.0,7.823664417351632e-10,7.823664417351632e-10,undefined,steady-zero,False,undefined,undefined,undefined,undefined,undefined,undefined
siloxane-neutral__ea-minus-3,5,90419,8000,20000,611.155157,1504.100173,656268.1714780683,0,1,-1,0,0,0,0.0,-2.5302751822230337e-10,0.0,0.0,4.130398243419527e-21,0.0,7.580027024358248e-10,7.580027024358248e-10,undefined,steady-zero,False,undefined,undefined,undefined,undefined,-20.384008072658048,undefined
siloxane-neutral__ea-minus-3,6,90421,8000,20000,578.273288,1480.541897,663120.5276927042,0,2,-2,0,0,0,0.0,-5.008257165410372e-10,0.0,0.0,3.523807171790302e-21,0.0,7.50169881233894e-10,7.50169881233894e-10,undefined,steady-zero,False,undefined,undefined,undefined,undefined,-20.45298786487937,undefined
siloxane-neutral__ea-minus-3,7,90427,8000,20000,605.592919,1516.034905,669127.5349355676,0,0,0,0,0,0,0.0,0.0,0.0,0.0,4.8101595968993396e-21,0.0,7.43435326646503e-10,7.43435326646503e-10,undefined,steady-zero,False,undefined,undefined,undefined,undefined,-20.31784051387506,undefined
siloxane-neutral__ea-plus-3,0,90401,8000,20000,578.8343116,1419.145739,617585.2197510039,0,0,0,0,0,0,0.0,0.0,0.0,0.0,0.0,0.0,8.054808172118412e-10,8.054808172118412e-10,undefined,steady-zero,False,undefined,undefined,undefined,undefined,undefined,undefined
siloxane-neutral__ea-plus-3,1,90403,8000,20000,574.4206096,1434.077673,631803.2566248445,0,0,0,0,0,0,0.0,0.0,0.0,0.0,0.0,0.0,7.873543580013128e-10,7.873543580013128e-10,undefined,steady-zero,False,undefined,undefined,undefined,undefined,undefined,undefined
siloxane-neutral__ea-plus-3,2,90407,8000,20000,577.6969181,1445.429725,637738.5083201975,0,1,-1,0,0,0,0.0,-2.6037930052988406e-10,0.0,0.0,2.173842423605486e-21,0.0,7.800266739627875e-10,7.800266739627875e-10,undefined,steady-zero,False,undefined,undefined,undefined,undefined,-20.662771940028417,undefined
siloxane-neutral__ea-plus-3,3,90409,8000,20000,610.0306918,1539.304946,682968.2731612668,0,2,-2,0,0,0,0.0,-4.862712171057907e-10,0.0,0.0,1.0989155377765389e-20,0.0,7.283691893920983e-10,7.283691893920983e-10,undefined,steady-zero,False,undefined,undefined,undefined,undefined,-19.959035685999808,undefined
siloxane-neutral__ea-plus-3,4,90413,8000,20000,579.9657241,1456.545005,644240.2068704788,0,1,-1,0,0,0,0.0,-2.5775154196603714e-10,0.0,0.0,2.0688909944360272e-21,0.0,7.721546128259633e-10,7.721546128259633e-10,undefined,steady-zero,False,undefined,undefined,undefined,undefined,-20.684262390804562,undefined
siloxane-neutral__ea-plus-3,5,90419,8000,20000,611.4115167,1513.538833,663016.6849025988,0,1,-1,0,0,0,0.0,-2.5045207835422575e-10,0.0,0.0,1.0232536419583332e-20,0.0,7.50287374104427e-10,7.50287374104427e-10,undefined,steady-zero,False,undefined,undefined,undefined,undefined,-19.99001670094158,undefined
siloxane-neutral__ea-plus-3,6,90421,8000,20000,578.35218,1496.717695,674950.9168855303,0,2,-2,0,0,0,0.0,-4.920473550391425e-10,0.0,0.0,9.803117249601827e-21,0.0,7.370210708038191e-10,7.370210708038191e-10,undefined,steady-zero,False,undefined,undefined,undefined,undefined,-20.008635802977622,undefined
siloxane-neutral__ea-plus-3,7,90427,8000,20000,607.5885388,1549.309471,692115.9345129443,0,1,-1,0,0,0,0.0,-2.399220974940276e-10,0.0,0.0,1.296130618361319e-20,0.0,7.187423706016257e-10,7.187423706016257e-10,undefined,steady-zero,False,undefined,undefined,undefined,undefined,-19.887351229966104,undefined
siloxane-neutral__prefactor-x0.1,0,90401,8000,20000,578.8342649,1419.145625,617585.1702890021,0,0,0,0,0,0,0.0,0.0,0.0,0.0,0.0,0.0,8.054808817222852e-10,8.054808817222852e-10,undefined,steady-zero,False,undefined,undefined,undefined,undefined,undefined,undefined
siloxane-neutral__prefactor-x0.1,1,90403,8000,20000,574.4205633,1434.077557,631803.2053989675,0,0,0,0,0,0,0.0,0.0,0.0,0.0,0.0,0.0,7.873544218390983e-10,7.873544218390983e-10,undefined,steady-zero,False,undefined,undefined,undefined,undefined,undefined,undefined
siloxane-neutral__prefactor-x0.1,2,90407,8000,20000,577.6968716,1445.429569,637738.4278433891,0,1,-1,0,0,0,0.0,-2.603793333873914e-10,0.0,0.0,2.1738422097702255e-21,0.0,7.800267723950827e-10,7.800267723950827e-10,undefined,steady-zero,False,undefined,undefined,undefined,undefined,-20.662771982748847,undefined
siloxane-neutral__prefactor-x0.1,3,90409,8000,20000,610.0305893,1539.30455,682968.0574540229,0,2,-2,0,0,0,0.0,-4.862713706887041e-10,0.0,0.0,1.0989154908289425e-20,0.0,7.283694194387435e-10,7.283694194387435e-10,undefined,steady-zero,False,undefined,undefined,undefined,undefined,-19.959035704553628,undefined
siloxane-neutral__prefactor-x0.1,4,90413,8000,20000,579.9656774,1456.544857,644240.1324202445,0,1,-1,0,0,0,0.0,-2.5775157175254335e-10,0.0,0.0,2.0688908014056616e-21,0.0,7.721547020583613e-10,7.721547020583613e-10,undefined,steady-zero,False,undefined,undefined,undefined,undefined,-20.684262431324836,undefined
siloxane-neutral__prefactor-x0.1,5,90419,8000,20000,611.4113652,1513.538416,663016.4897738995,0,1,-1,0,0,0,0.0,-2.5045215206338535e-10,0.0,0.0,1.0232536198440164e-20,0.0,7.502875949173353e-10,7.502875949173353e-10,undefined,steady-zero,False,undefined,undefined,undefined,undefined,-19.990016710327453,undefined
siloxane-neutral__prefactor-x0.1,6,90421,8000,20000,578.3521334,1496.717375,674950.7159507417,0,2,-2,0,0,0,0.0,-4.920475015230694e-10,0.0,0.0,9.803116078053504e-21,0.0,7.370212902171328e-10,7.370212902171328e-10,undefined,steady-zero,False,undefined,undefined,undefined,undefined,-20.008635854879174,undefined
siloxane-neutral__prefactor-x0.1,7,90427,8000,20000,607.5883889,1549.308972,692115.6779425904,0,1,-1,0,0,0,0.0,-2.3992218643421413e-10,0.0,0.0,1.2961305871499203e-20,0.0,7.187426370426127e-10,7.187426370426127e-10,undefined,steady-zero,False,undefined,undefined,undefined,undefined,-19.88735124042411,undefined
siloxane-neutral__prefactor-x10,0,90401,8000,20000,578.8293344,1419.133541,617579.912838341,0,0,0,0,0,0,0.0,0.0,0.0,0.0,0.0,0.0,8.054877387717231e-10,8.054877387717231e-10,undefined,steady-zero,False,undefined,undefined,undefined,undefined,undefined,undefined
siloxane-neutral__prefactor-x10,1,90403,8000,20000,574.415672,1434.065344,631797.8243300495,0,0,0,0,0,0,0.0,0.0,0.0,0.0,0.0,0.0,7.873611277950919e-10,7.873611277950919e-10,undefined,steady-zero,False,undefined,undefined,undefined,undefined,undefined,undefined
siloxane-neutral__prefactor-x10,2,90407,8000,20000,577.6919493,1445.413066,637729.916630854,0,1,-1,0,0,0,0.0,-2.6038280843817453e-10,0.0,0.0,2.173819631936971e-21,0.0,7.800371827168659e-10,7.800371827168659e-10,undefined,steady-zero,False,undefined,undefined,undefined,undefined,-20.662776493416306,undefined
siloxane-neutral__prefactor-x10,3,90409,8000,20000,610.0197567,1565.351723,702119.3370748918,0,2,-2,0,0,0,0.0,-4.730076439973408e-10,0.0,0.0,1.6317970697142482e-20,0.0,7.085021323802853e-10,7.085021323802853e-10,undefined,steady-zero,False,undefined,undefined,undefined,undefined,-19.787333851086508,undefined
siloxane-neutral__prefactor-x10,4,90413,8000,20000,579.9607379,1456.529318,644232.3423387064,0,1,-1,0,0,0,0.0,-2.57754688494173e-10,0.0,0.0,2.0688709102896553e-21,0.0,7.721640389818496e-10,7.721640389818496e-10,undefined,steady-zero,False,undefined,undefined,undefined,undefined,-20.684266606819957,undefined
siloxane-neutral__prefactor-x10,5,90419,8000,20000,611.3953575,1514.190749,663507.6854480499,0,1,-1,0,0,0,0.0,-2.502667419824273e-10,0.0,0.0,8.841581515516408e-21,0.0,7.497321559539671e-10,7.497321559539671e-10,undefined,steady-zero,False,undefined,undefined,undefined,undefined,-20.0534700447121,undefined
siloxane-neutral__prefactor-x10,6,90421,8000,20000,578.3472085,1493.936838,672910.7853335587,0,3,-3,0,0,0,0.0,-7.40308717009518e-10,0.0,0.0,1.0516712868509974e-20,0.0,7.392555719795872e-10,7.392555719795872e-10,undefined,steady-zero,False,undefined,undefined,undefined,undefined,-19.97811998320022,undefined
siloxane-neutral__prefactor-x10,7,90427,8000,20000,618.6297077,1637.39806,748741.7833615475,0,0,0,0,0,0,0.0,0.0,0.0,0.0,1.9711963011881726e-20,0.0,6.643853175518404e-10,6.643853175518404e-10,undefined,steady-zero,False,undefined,undefined,undefined,undefined,-19.705270124438087,undefined
sioal-si-neutral__ea-minus-3,0,90401,8000,20000,578.7945699,1419.048336,617542.8416927381,0,0,0,0,0,0,0.0,0.0,0.0,0.0,0.0,0.0,8.055360922643544e-10,8.055360922643544e-10,undefined,steady-zero,False,undefined,undefined,undefined,undefined,undefined,undefined
sioal-si-neutral__ea-minus-3,1,90403,8000,20000,542.3956607,1401.993707,631759.8821240534,0,0,0,0,0,0,0.0,0.0,0.0,0.0,0.0,0.0,7.874084150935568e-10,7.874084150935568e-10,undefined,steady-zero,False,undefined,undefined,undefined,undefined,undefined,undefined
sioal-si-neutral__ea-minus-3,2,90407,8000,20000,577.657243,1445.263372,637645.4066484146,0,1,-1,0,0,0,0.0,-2.6041731813014315e-10,0.0,0.0,2.173481020457328e-21,0.0,7.801405645148467e-10,7.801405645148467e-10,undefined,steady-zero,False,undefined,undefined,undefined,undefined,-20.66284414785715,undefined
sioal-si-neutral__ea-minus-3,3,90409,8000,20000,609.7728038,1522.133328,670537.560786952,0,2,-2,0,0,0,0.0,-4.952859211123134e-10,0.0,0.0,8.897127894571795e-21,0.0,7.418720092565365e-10,7.418720092565365e-10,undefined,steady-zero,False,undefined,undefined,undefined,undefined,-20.050750166483823,undefined
sioal-si-neutral__ea-minus-3,4,90413,8000,20000,570.019921,1446.488851,644159.1046950187,0,1,-1,0,0,0,0.0,-2.5778399390318945e-10,0.0,0.0,2.0685723333904506e-21,0.0,7.722518301414299e-10,7.722518301414299e-10,undefined,steady-zero,False,undefined,undefined,undefined,undefined,-20.68432928818733,undefined
sioal-si-neutral__ea-minus-3,5,90419,8000,20000,611.1965979,1406.341395,584390.0942419467,0,1,-1,0,0,0,0.0,-2.8414907842129807e-10,0.0,0.0,9.706570934772598e-21,0.0,8.512345647273065e-10,8.512345647273065e-10,undefined,steady-zero,False,undefined,undefined,undefined,undefined,-20.012934167324374,undefined
sioal-si-neutral__ea-minus-3,6,90421,8000,20000,578.3124841,1427.383625,624023.153843596,0,1,-1,0,0,0,0.0,-2.6610215613730916e-10,0.0,0.0,1.2997655498726536e-21,0.0,7.971708172028401e-10,7.971708172028401e-10,undefined,steady-zero,False,undefined,undefined,undefined,undefined,-20.886134978138667,undefined
sioal-si-neutral__ea-minus-3,7,90427,8000,20000,555.2937406,1405.772128,625057.406872423,0,1,-1,0,0,0,0.0,-2.656618494423777e-10,0.0,0.0,5.6124395560616515e-21,0.0,7.958517762265722e-10,7.958517762265722e-10,undefined,steady-zero,False,undefined,undefined,undefined,undefined,-20.250848323157484,undefined
sioal-si-neutral__ea-plus-3,0,90401,8000,20000,578.8340641,1419.145133,617584.9562721385,0,0,0,0,0,0,0.0,0.0,0.0,0.0,0.0,0.0,8.054811608522903e-10,8.054811608522903e-10,undefined,steady-zero,False,undefined,undefined,undefined,undefined,undefined,undefined
sioal-si-neutral__ea-plus-3,1,90403,8000,20000,574.4203641,1434.07706,631802.9865314472,0,0,0,0,0,0,0.0,0.0,0.0,0.0,0.0,0.0,7.873546945923356e-10,7.873546945923356e-10,undefined,steady-zero,False,undefined,undefined,undefined,undefined,undefined,undefined
sioal-si-neutral__ea-plus-3,2,90407,8000,20000,577.6966711,1445.429107,637738.2356544819,0,1,-1,0,0,0,0.0,-2.6037941185535323e-10,0.0,0.0,2.1738424189692334e-21,0.0,7.800270074640884e-10,7.800270074640884e-10,undefined,steady-zero,False,undefined,undefined,undefined,undefined,-20.66277194095466,undefined
sioal-si-neutral__ea-plus-3,3,90409,8000,20000,610.0304308,1539.304287,682967.9806519548,0,2,-2,0,0,0,0.0,-4.862714253715706e-10,0.0,0.0,1.0989155372658608e-20,0.0,7.283695013463576e-10,7.283695013463576e-10,undefined,steady-zero,False,undefined,undefined,undefined,undefined,-19.959035686201627,undefined
sioal-si-neutral__ea-plus-3,4,90413,8000,20000,579.9654762,1456.544382,644239.9311914765,0,1,-1,0,0,0,0.0,-2.57751652261417e-10,0.0,0.0,2.0688909922754784e-21,0.0,7.721549432413924e-10,7.721549432413924e-10,undefined,steady-zero,False,undefined,undefined,undefined,undefined,-20.6842623912581,undefined
sioal-si-neutral__ea-plus-3,5,90419,8000,20000,611.4112552,1513.538186,663016.4015801371,0,1,-1,0,0,0,0.0,-2.5045218537827405e-10,0.0,0.0,1.0232536421822283e-20,0.0,7.502876947198225e-10,7.502876947198225e-10,undefined,steady-zero,False,undefined,undefined,undefined,undefined,-19.990016700846553,undefined
sioal-si-neutral__ea-plus-3,6,90421,8000,20000,578.3519328,1496.717055,674950.6281979482,0,2,-2,0,0,0,0.0,-4.920475654959601e-10,0.0,0.0,9.80311725413519e-21,0.0,7.370213860399595e-10,7.370213860399595e-10,undefined,steady-zero,False,undefined,undefined,undefined,undefined,-20.008635802776784,undefined
sioal-si-neutral__ea-plus-3,7,90427,8000,20000,607.5882788,1549.308808,692115.6383288922,0,1,-1,0,0,0,0.0,-2.3992220016631977e-10,0.0,0.0,1.2961306179981415e-20,0.0,7.187426781803249e-10,7.187426781803249e-10,undefined,steady-zero,False,undefined,undefined,undefined,undefined,-19.887351230087795,undefined
sioal-si-neutral__prefactor-x0.1,0,90401,8000,20000,578.8340408,1419.145076,617584.9315043903,0,0,0,0,0,0,0.0,0.0,0.0,0.0,0.0,0.0,8.054811931554661e-10,8.054811931554661e-10,undefined,steady-zero,False,undefined,undefined,undefined,undefined,undefined,undefined
sioal-si-neutral__prefactor-x0.1,1,90403,8000,20000,574.420341,1434.077002,631802.9608817612,0,0,0,0,0,0,0.0,0.0,0.0,0.0,0.0,0.0,7.873547265570492e-10,7.873547265570492e-10,undefined,steady-zero,False,undefined,undefined,undefined,undefined,undefined,undefined
sioal-si-neutral__prefactor-x0.1,2,90407,8000,20000,577.6966478,1445.429009,637738.1807538647,0,1,-1,0,0,0,0.0,-2.60379434270493e-10,0.0,0.0,2.1738422071350598e-21,0.0,7.800270746138459e-10,7.800270746138459e-10,undefined,steady-zero,False,undefined,undefined,undefined,undefined,-20.662771983275306,undefined
sioal-si-neutral__prefactor-x0.1,3,90409,8000,20000,610.0303529,1539.303953,682967.7924317669,0,2,-2,0,0,0,0.0,-4.862715593838917e-10,0.0,0.0,1.0989154907091614e-20,0.0,7.283697020788752e-10,7.283697020788752e-10,undefined,steady-zero,False,undefined,undefined,undefined,undefined,-19.959035704600968,undefined
sioal-si-neutral__prefactor-x0.1,4,90413,8000,20000,579.9654529,1456.544294,644239.8836403397,0,1,-1,0,0,0,0.0,-2.577516712859828e-10,0.0,0.0,2.0688908057906456e-21,0.0,7.721550002338983e-10,7.721550002338983e-10,undefined,steady-zero,False,undefined,undefined,undefined,undefined,-20.684262430404353,undefined
sioal-si-neutral__prefactor-x0.1,5,90419,8000,20000,611.4111284,1513.53783,663016.2331300508,0,1,-1,0,0,0,0.0,-2.50452249009736e-10,0.0,0.0,1.0232536202499002e-20,0.0,7.502878853426467e-10,7.502878853426467e-10,undefined,steady-zero,False,undefined,undefined,undefined,undefined,-19.990016710155185,undefined
sioal-si-neutral__prefactor-x0.1,6,90421,8000,20000,578.3519095,1496.716796,674950.4549706997,0,2,-2,0,0,0,0.0,-4.92047691780853e-10,0.0,0.0,9.803116089064417e-21,0.0,7.370215751978241e-10,7.370215751978241e-10,undefined,steady-zero,False,undefined,undefined,undefined,undefined,-20.008635854391372,undefined
sioal-si-neutral__prefactor-x0.1,7,90427,8000,20000,607.5881534,1549.308372,692115.4100540371,0,1,-1,0,0,0,0.0,-2.3992227929792803e-10,0.0,0.0,1.2961305873844837e-20,0.0,7.187429152374375e-10,7.187429152374375e-10,undefined,steady-zero,False,undefined,undefined,undefined,undefined,-19.887351240345513,undefined
sioal-si-neutral__prefactor-x10,0,90401,8000,20000,578.8315755,1419.139034,617582.3028158072,0,0,0,0,0,0,0.0,0.0,0.0,0.0,0.0,0.0,8.054846216203149e-10,8.054846216203149e-10,undefined,steady-zero,False,undefined,undefined,undefined,undefined,undefined,undefined
sioal-si-neutral__prefactor-x10,1,90403,8000,20000,574.4178953,1434.070895,631800.2700165757,0,0,0,0,0,0,0.0,0.0,0.0,0.0,0.0,0.0,7.873580799355185e-10,7.873580799355185e-10,undefined,steady-zero,False,undefined,undefined,undefined,undefined,undefined,undefined
sioal-si-neutral__prefactor-x10,2,90407,8000,20000,577.6941867,1445.418662,637732.385027274,0,1,-1,0,0,0,0.0,-2.603818006047835e-10,0.0,0.0,2.173819643424842e-21,0.0,7.800341635178499e-10,7.800341635178499e-10,undefined,steady-zero,False,undefined,undefined,undefined,undefined,-20.66277649112121,undefined
sioal-si-neutral__prefactor-x10,3,90409,8000,20000,610.0221206,1565.357791,702122.0593958526,0,2,-2,0,0,0,0.0,-4.73005810016188e-10,0.0,0.0,1.6317970700242372e-20,0.0,7.08499385322021e-10,7.08499385322021e-10,undefined,steady-zero,False,undefined,undefined,undefined,undefined,-19.787333851004007,undefined
sioal-si-neutral__prefactor-x10,4,90413,8000,20000,579.9629831,1456.534958,644234.8373402447,0,1,-1,0,0,0,0.0,-2.577536902582704e-10,0.0,0.0,2.0688709084369423e-21,0.0,7.721610485343396e-10,7.721610485343396e-10,undefined,steady-zero,False,undefined,undefined,undefined,undefined,-20.684266607208876,undefined
sioal-si-neutral__prefactor-x10,5,90419,8000,20000,611.3977255,1514.196617,663510.2577661199,0,1,-1,0,0,0,0.0,-2.502657717402115e-10,0.0,0.0,8.841581520910327e-21,0.0,7.49729249368048e-10,7.49729249368048e-10,undefined,steady-zero,False,undefined,undefined,undefined,undefined,-20.053470044447153,undefined
sioal-si-neutral__prefactor-x10,6,90421,8000,20000,578.3494471,1493.942625,672913.3932231127,0,3,-3,0,0,0,0.0,-7.403058479280146e-10,0.0,0.0,1.0516712886028851e-20,0.0,7.392527069795689e-10,7.392527069795689e-10,undefined,steady-zero,False,undefined,undefined,undefined,undefined,-19.978119982476766,undefined
sioal-si-neutral__prefactor-x10,7,90427,8000,20000,618.6321047,1630.983951,744025.9849815293,0,1,-1,0,0,0,0.0,-2.2318293993657628e-10,0.0,0.0,2.1791875566212265e-20,0.0,6.685963360746635e-10,6.685963360746635e-10,undefined,steady-zero,False,undefined,undefined,undefined,undefined,-19.66170538962513,undefined
sioal-al-neutral__ea-minus-3,0,90401,8000,20000,578.8338107,1419.144512,617584.6861052465,0,0,0,0,0,0,0.0,0.0,0.0,0.0,0.0,0.0,8.054815132158555e-10,8.054815132158555e-10,undefined,steady-zero,False,undefined,undefined,undefined,undefined,undefined,undefined
sioal-al-neutral__ea-minus-3,1,90403,8000,20000,574.4201127,1434.076432,631802.7097500229,0,0,0,0,0,0,0.0,0.0,0.0,0.0,0.0,0.0,7.873550395182919e-10,7.873550395182919e-10,undefined,steady-zero,False,undefined,undefined,undefined,undefined,undefined,undefined
sioal-al-neutral__ea-minus-3,2,90407,8000,20000,577.6964181,1445.428053,637737.6469611181,0,1,-1,0,0,0,0.0,-2.6037965221066637e-10,0.0,0.0,2.173840154278661e-21,0.0,7.80027727504257e-10,7.80027727504257e-10,undefined,steady-zero,False,undefined,undefined,undefined,undefined,-20.662772393399198,undefined
sioal-al-neutral__ea-minus-3,3,90409,8000,20000,610.0295981,1539.300726,682965.9754932718,0,2,-2,0,0,0,0.0,-4.862728530435277e-10,0.0,0.0,1.0989150413624464e-20,0.0,7.283716398078365e-10,7.283716398078365e-10,undefined,steady-zero,False,undefined,undefined,undefined,undefined,-19.959035882184082,undefined
sioal-al-neutral__ea-minus-3,4,90413,8000,20000,579.9652223,1456.54343,644239.4181242636,0,1,-1,0,0,0,0.0,-2.5775185753280853e-10,0.0,0.0,2.068888997124384e-21,0.0,7.721555581795249e-10,7.721555581795249e-10,undefined,steady-zero,False,undefined,undefined,undefined,undefined,-20.684262810073555,undefined
sioal-al-neutral__ea-minus-3,5,90419,8000,20000,611.4099036,1513.534396,663014.6094828851,0,1,-1,0,0,0,0.0,-2.5045286233873125e-10,0.0,0.0,1.0232534093149126e-20,0.0,7.50289722712112e-10,7.50289722712112e-10,undefined,steady-zero,False,undefined,undefined,undefined,undefined,-19.99001679968129,undefined
sioal-al-neutral__ea-minus-3,6,90421,8000,20000,578.3516797,1496.714286,674948.7791422246,0,2,-2,0,0,0,0.0,-4.920489134847193e-10,0.0,0.0,9.803104850567532e-21,0.0,7.370234051466745e-10,7.370234051466745e-10,undefined,steady-zero,False,undefined,undefined,undefined,undefined,-20.008636352275914,undefined
sioal-al-neutral__ea-minus-3,7,90427,8000,20000,607.5869423,1549.304163,692113.206753368,0,1,-1,0,0,0,0.0,-2.3992304307604025e-10,0.0,0.0,1.2961302898947946e-20,0.0,7.187452033121781e-10,7.187452033121781e-10,undefined,steady-zero,False,undefined,undefined,undefined,undefined,-19.887351340025397,undefined
sioal-al-neutral__ea-plus-3,0,90401,8000,20000,578.8338167,1419.144527,617584.6927197785,0,0,0,0,0,0,0.0,0.0,0.0,0.0,0.0,0.0,8.054815045888878e-10,8.054815045888878e-10,undefined,steady-zero,False,undefined,undefined,undefined,undefined,undefined,undefined
sioal-al-neutral__ea-plus-3,1,90403,8000,20000,574.4201187,1434.076447,631802.7163645551,0,0,0,0,0,0,0.0,0.0,0.0,0.0,0.0,0.0,7.873550312752357e-10,7.873550312752357e-10,undefined,steady-zero,False,undefined,undefined,undefined,undefined,undefined,undefined
sioal-al-neutral__ea-plus-3,2,90407,8000,20000,577.6964241,1445.428068,637737.6535756501,0,1,-1,0,0,0,0.0,-2.603796495100425e-10,0.0,0.0,2.1738401505070673e-21,0.0,7.800277194139109e-10,7.800277194139109e-10,undefined,steady-zero,False,undefined,undefined,undefined,undefined,-20.662772394152693,undefined
sioal-al-neutral__ea-plus-3,3,90409,8000,20000,610.0296045,1539.300742,682965.9825487728,0,2,-2,0,0,0,0.0,-4.862728480199999e-10,0.0,0.0,1.0989150406166716e-20,0.0,7.283716322832643e-10,7.283716322832643e-10,undefined,steady-zero,False,undefined,undefined,undefined,undefined,-19.959035882478815,undefined
sioal-al-neutral__ea-plus-3,4,90413,8000,20000,579.9652284,1456.543445,644239.4246653012,0,1,-1,0,0,0,0.0,-2.5775185491582404e-10,0.0,0.0,2.0688889947044278e-21,0.0,7.7215555033974e-10,7.7215555033974e-10,undefined,steady-zero,False,undefined,undefined,undefined,undefined,-20.684262810581544,undefined
sioal-al-neutral__ea-plus-3,5,90419,8000,20000,611.40991,1513.534412,663014.6165383861,0,1,-1,0,0,0,0.0,-2.5045285967352543e-10,0.0,0.0,1.0232534093518531e-20,0.0,7.502897147278689e-10,7.502897147278689e-10,undefined,steady-zero,False,undefined,undefined,undefined,undefined,-19.99001679966561,undefined
sioal-al-neutral__ea-plus-3,6,90421,8000,20000,578.3516857,1496.714302,674948.7864917049,0,2,-2,0,0,0,0.0,-4.920489081268256e-10,0.0,0.0,9.803104849375568e-21,0.0,7.370233971212671e-10,7.370233971212671e-10,undefined,steady-zero,False,undefined,undefined,undefined,undefined,-20.008636352328722,undefined
sioal-al-neutral__ea-plus-3,7,90427,8000,20000,607.5869487,1549.304179,692113.213808869,0,1,-1,0,0,0,0.0,-2.399230406302305e-10,0.0,0.0,1.2961302899164568e-20,0.0,7.187451959851869e-10,7.187451959851869e-10,undefined,steady-zero,False,undefined,undefined,undefined,undefined,-19.88735134001814,undefined
sioal-al-neutral__prefactor-x0.1,0,90401,8000,20000,578.8338167,1419.144527,617584.6927197785,0,0,0,0,0,0,0.0,0.0,0.0,0.0,0.0,0.0,8.054815045888878e-10,8.054815045888878e-10,undefined,steady-zero,False,undefined,undefined,undefined,undefined,undefined,undefined
sioal-al-neutral__prefactor-x0.1,1,90403,8000,20000,574.4201187,1434.076447,631802.7163645551,0,0,0,0,0,0,0.0,0.0,0.0,0.0,0.0,0.0,7.873550312752357e-10,7.873550312752357e-10,undefined,steady-zero,False,undefined,undefined,undefined,undefined,undefined,undefined
sioal-al-neutral__prefactor-x0.1,2,90407,8000,20000,577.6964241,1445.428068,637737.6535756501,0,1,-1,0,0,0,0.0,-2.603796495100425e-10,0.0,0.0,2.1738401505070673e-21,0.0,7.800277194139109e-10,7.800277194139109e-10,undefined,steady-zero,False,undefined,undefined,undefined,undefined,-20.662772394152693,undefined
sioal-al-neutral__prefactor-x0.1,3,90409,8000,20000,610.0296045,1539.300742,682965.9825487727,0,2,-2,0,0,0,0.0,-4.8627284802e-10,0.0,0.0,1.0989150414932637e-20,0.0,7.283716322832645e-10,7.283716322832645e-10,undefined,steady-zero,False,undefined,undefined,undefined,undefined,-19.959035882132383,undefined
sioal-al-neutral__prefactor-x0.1,4,90413,8000,20000,579.9652284,1456.543445,644239.4246653012,0,1,-1,0,0,0,0.0,-2.5775185491582404e-10,0.0,0.0,2.0688889947044278e-21,0.0,7.7215555033974e-10,7.7215555033974e-10,undefined,steady-zero,False,undefined,undefined,undefined,undefined,-20.684262810581544,undefined
sioal-al-neutral__prefactor-x0.1,5,90419,8000,20000,611.40991,1513.534412,663014.6165383861,0,1,-1,0,0,0,0.0,-2.5045285967352543e-10,0.0,0.0,1.0232534093518531e-20,0.0,7.502897147278689e-10,7.502897147278689e-10,undefined,steady-zero,False,undefined,undefined,undefined,undefined,-19.99001679966561,undefined
sioal-al-neutral__prefactor-x0.1,6,90421,8000,20000,578.3516857,1496.714302,674948.7864917049,0,2,-2,0,0,0,0.0,-4.920489081268256e-10,0.0,0.0,9.803104849375568e-21,0.0,7.370233971212671e-10,7.370233971212671e-10,undefined,steady-zero,False,undefined,undefined,undefined,undefined,-20.008636352328722,undefined
sioal-al-neutral__prefactor-x0.1,7,90427,8000,20000,607.5869487,1549.304179,692113.213808869,0,1,-1,0,0,0,0.0,-2.399230406302305e-10,0.0,0.0,1.2961302899164568e-20,0.0,7.187451959851869e-10,7.187451959851869e-10,undefined,steady-zero,False,undefined,undefined,undefined,undefined,-19.88735134001814,undefined
sioal-al-neutral__prefactor-x10,0,90401,8000,20000,578.8338163,1419.144526,617584.6922788098,0,0,0,0,0,0,0.0,0.0,0.0,0.0,0.0,0.0,8.054815051640188e-10,8.054815051640188e-10,undefined,steady-zero,False,undefined,undefined,undefined,undefined,undefined,undefined
sioal-al-neutral__prefactor-x10,1,90403,8000,20000,574.4201183,1434.076446,631802.7159235863,0,0,0,0,0,0,0.0,0.0,0.0,0.0,0.0,0.0,7.873550318247728e-10,7.873550318247728e-10,undefined,steady-zero,False,undefined,undefined,undefined,undefined,undefined,undefined
sioal-al-neutral__prefactor-x10,2,90407,8000,20000,577.6964237,1445.428068,637737.6538696293,0,1,-1,0,0,0,0.0,-2.6037964939001476e-10,0.0,0.0,2.173840158892585e-21,0.0,7.800277190543401e-10,7.800277190543401e-10,undefined,steady-zero,False,undefined,undefined,undefined,undefined,-20.662772392477418,undefined
sioal-al-neutral__prefactor-x10,3,90409,8000,20000,610.0296041,1539.300741,682965.982107804,0,2,-2,0,0,0,0.0,-4.862728483339705e-10,0.0,0.0,1.0989150408002503e-20,0.0,7.283716327535501e-10,7.283716327535501e-10,undefined,steady-zero,False,undefined,undefined,undefined,undefined,-19.959035882406265,undefined
sioal-al-neutral__prefactor-x10,4,90413,8000,20000,579.965228,1456.543444,644239.4242243323,0,1,-1,0,0,0,0.0,-2.5775185509225e-10,0.0,0.0,2.0688889961205393e-21,0.0,7.721555508682649e-10,7.721555508682649e-10,undefined,steady-zero,False,undefined,undefined,undefined,undefined,-20.68426281028428,undefined
sioal-al-neutral__prefactor-x10,5,90419,8000,20000,611.4099096,1513.534411,663014.6160974173,0,1,-1,0,0,0,0.0,-2.5045285984010074e-10,0.0,0.0,1.0232534094906334e-20,0.0,7.502897152268841e-10,7.502897152268841e-10,undefined,steady-zero,False,undefined,undefined,undefined,undefined,-19.990016799606707,undefined
sioal-al-neutral__prefactor-x10,6,90421,8000,20000,578.3516853,1496.714301,674948.7860507359,0,2,-2,0,0,0,0.0,-4.920489084482994e-10,0.0,0.0,9.80310485223228e-21,0.0,7.370233976027918e-10,7.370233976027918e-10,undefined,steady-zero,False,undefined,undefined,undefined,undefined,-20.008636352202164,undefined
sioal-al-neutral__prefactor-x10,7,90427,8000,20000,607.5869483,1549.304178,692113.2133679002,0,1,-1,0,0,0,0.0,-2.3992304078309357e-10,0.0,0.0,1.2961302896177571e-20,0.0,7.187451964431238e-10,7.187451964431238e-10,undefined,steady-zero,False,undefined,undefined,undefined,undefined,-19.887351340118222,undefined
connectivity-ladder__ea-minus-3,0,90401,8000,20000,578.8338167,1419.144527,617584.6927197785,0,0,0,0,0,0,0.0,0.0,0.0,0.0,0.0,0.0,8.054815045888878e-10,8.054815045888878e-10,undefined,steady-zero,False,undefined,undefined,undefined,undefined,undefined,undefined
connectivity-ladder__ea-minus-3,1,90403,8000,20000,574.4201187,1434.076447,631802.7163645551,0,0,0,0,0,0,0.0,0.0,0.0,0.0,0.0,0.0,7.873550312752357e-10,7.873550312752357e-10,undefined,steady-zero,False,undefined,undefined,undefined,undefined,undefined,undefined
connectivity-ladder__ea-minus-3,2,90407,8000,20000,577.6964241,1445.428068,637737.6535756501,0,1,-1,0,0,0,0.0,-2.603796495100425e-10,0.0,0.0,2.1738401552008652e-21,0.0,7.800277194139109e-10,7.800277194139109e-10,undefined,steady-zero,False,undefined,undefined,undefined,undefined,-20.662772393214958,undefined
connectivity-ladder__ea-minus-3,3,90409,8000,20000,610.0296045,1539.300742,682965.9825487727,0,2,-2,0,0,0,0.0,-4.8627284802e-10,0.0,0.0,1.0989150414932637e-20,0.0,7.283716322832645e-10,7.283716322832645e-10,undefined,steady-zero,False,undefined,undefined,undefined,undefined,-19.959035882132383,undefined
connectivity-ladder__ea-minus-3,4,90413,8000,20000,579.9652283,1456.543445,644239.424738796,0,1,-1,0,0,0,0.0,-2.5775185488641973e-10,0.0,0.0,2.0688889944684092e-21,0.0,7.721555502516525e-10,7.721555502516525e-10,undefined,steady-zero,False,undefined,undefined,undefined,undefined,-20.68426281063109,undefined
connectivity-ladder__ea-minus-3,5,90419,8000,20000,611.4099099,1513.534412,663014.6166118808,0,1,-1,0,0,0,0.0,-2.5045285964576287e-10,0.0,0.0,1.0232534093287228e-20,0.0,7.502897146446998e-10,7.502897146446998e-10,undefined,steady-zero,False,undefined,undefined,undefined,undefined,-19.990016799675427,undefined
connectivity-ladder__ea-minus-3,6,90421,8000,20000,578.3516857,1496.714302,674948.7864917049,0,2,-2,0,0,0,0.0,-4.920489081268256e-10,0.0,0.0,9.803104850262573e-21,0.0,7.370233971212671e-10,7.370233971212671e-10,undefined,steady-zero,False,undefined,undefined,undefined,undefined,-20.008636352289425,undefined
connectivity-ladder__ea-minus-3,7,90427,8000,20000,607.5869487,1549.304179,692113.213808869,0,1,-1,0,0,0,0.0,-2.399230406302305e-10,0.0,0.0,1.2961302899597068e-20,0.0,7.187451959851869e-10,7.187451959851869e-10,undefined,steady-zero,False,undefined,undefined,undefined,undefined,-19.887351340003647,undefined
connectivity-ladder__ea-plus-3,0,90401,8000,20000,578.8338167,1419.144527,617584.6927197785,0,0,0,0,0,0,0.0,0.0,0.0,0.0,0.0,0.0,8.054815045888878e-10,8.054815045888878e-10,undefined,steady-zero,False,undefined,undefined,undefined,undefined,undefined,undefined
connectivity-ladder__ea-plus-3,1,90403,8000,20000,574.4201187,1434.076447,631802.7163645551,0,0,0,0,0,0,0.0,0.0,0.0,0.0,0.0,0.0,7.873550312752357e-10,7.873550312752357e-10,undefined,steady-zero,False,undefined,undefined,undefined,undefined,undefined,undefined
connectivity-ladder__ea-plus-3,2,90407,8000,20000,577.6964241,1445.428068,637737.6535756501,0,1,-1,0,0,0,0.0,-2.603796495100425e-10,0.0,0.0,2.1738401552008652e-21,0.0,7.800277194139109e-10,7.800277194139109e-10,undefined,steady-zero,False,undefined,undefined,undefined,undefined,-20.662772393214958,undefined
connectivity-ladder__ea-plus-3,3,90409,8000,20000,610.0296045,1539.300742,682965.9825487727,0,2,-2,0,0,0,0.0,-4.8627284802e-10,0.0,0.0,1.0989150414932637e-20,0.0,7.283716322832645e-10,7.283716322832645e-10,undefined,steady-zero,False,undefined,undefined,undefined,undefined,-19.959035882132383,undefined
connectivity-ladder__ea-plus-3,4,90413,8000,20000,579.9652283,1456.543445,644239.424738796,0,1,-1,0,0,0,0.0,-2.5775185488641973e-10,0.0,0.0,2.0688889944684092e-21,0.0,7.721555502516525e-10,7.721555502516525e-10,undefined,steady-zero,False,undefined,undefined,undefined,undefined,-20.68426281063109,undefined
connectivity-ladder__ea-plus-3,5,90419,8000,20000,611.4099099,1513.534412,663014.6166118808,0,1,-1,0,0,0,0.0,-2.5045285964576287e-10,0.0,0.0,1.0232534093287228e-20,0.0,7.502897146446998e-10,7.502897146446998e-10,undefined,steady-zero,False,undefined,undefined,undefined,undefined,-19.990016799675427,undefined
connectivity-ladder__ea-plus-3,6,90421,8000,20000,578.3516857,1496.714302,674948.7864917049,0,2,-2,0,0,0,0.0,-4.920489081268256e-10,0.0,0.0,9.803104850262573e-21,0.0,7.370233971212671e-10,7.370233971212671e-10,undefined,steady-zero,False,undefined,undefined,undefined,undefined,-20.008636352289425,undefined
connectivity-ladder__ea-plus-3,7,90427,8000,20000,607.5869487,1549.304179,692113.213808869,0,1,-1,0,0,0,0.0,-2.399230406302305e-10,0.0,0.0,1.2961302899597068e-20,0.0,7.187451959851869e-10,7.187451959851869e-10,undefined,steady-zero,False,undefined,undefined,undefined,undefined,-19.887351340003647,undefined
connectivity-ladder__prefactor-x0.1,0,90401,8000,20000,578.8338167,1419.144527,617584.6927197785,0,0,0,0,0,0,0.0,0.0,0.0,0.0,0.0,0.0,8.054815045888878e-10,8.054815045888878e-10,undefined,steady-zero,False,undefined,undefined,undefined,undefined,undefined,undefined
connectivity-ladder__prefactor-x0.1,1,90403,8000,20000,574.4201187,1434.076447,631802.7163645551,0,0,0,0,0,0,0.0,0.0,0.0,0.0,0.0,0.0,7.873550312752357e-10,7.873550312752357e-10,undefined,steady-zero,False,undefined,undefined,undefined,undefined,undefined,undefined
connectivity-ladder__prefactor-x0.1,2,90407,8000,20000,577.6964241,1445.428068,637737.6535756501,0,1,-1,0,0,0,0.0,-2.603796495100425e-10,0.0,0.0,2.1738401552008652e-21,0.0,7.800277194139109e-10,7.800277194139109e-10,undefined,steady-zero,False,undefined,undefined,undefined,undefined,-20.662772393214958,undefined
connectivity-ladder__prefactor-x0.1,3,90409,8000,20000,610.0296045,1539.300742,682965.9825487727,0,2,-2,0,0,0,0.0,-4.8627284802e-10,0.0,0.0,1.0989150414932637e-20,0.0,7.283716322832645e-10,7.283716322832645e-10,undefined,steady-zero,False,undefined,undefined,undefined,undefined,-19.959035882132383,undefined
connectivity-ladder__prefactor-x0.1,4,90413,8000,20000,579.9652283,1456.543445,644239.424738796,0,1,-1,0,0,0,0.0,-2.5775185488641973e-10,0.0,0.0,2.0688889944684092e-21,0.0,7.721555502516525e-10,7.721555502516525e-10,undefined,steady-zero,False,undefined,undefined,undefined,undefined,-20.68426281063109,undefined
connectivity-ladder__prefactor-x0.1,5,90419,8000,20000,611.4099099,1513.534412,663014.6166118808,0,1,-1,0,0,0,0.0,-2.5045285964576287e-10,0.0,0.0,1.0232534093287228e-20,0.0,7.502897146446998e-10,7.502897146446998e-10,undefined,steady-zero,False,undefined,undefined,undefined,undefined,-19.990016799675427,undefined
connectivity-ladder__prefactor-x0.1,6,90421,8000,20000,578.3516857,1496.714302,674948.7864917049,0,2,-2,0,0,0,0.0,-4.920489081268256e-10,0.0,0.0,9.803104850262573e-21,0.0,7.370233971212671e-10,7.370233971212671e-10,undefined,steady-zero,False,undefined,undefined,undefined,undefined,-20.008636352289425,undefined
connectivity-ladder__prefactor-x0.1,7,90427,8000,20000,607.5869487,1549.304179,692113.213808869,0,1,-1,0,0,0,0.0,-2.399230406302305e-10,0.0,0.0,1.2961302899597068e-20,0.0,7.187451959851869e-10,7.187451959851869e-10,undefined,steady-zero,False,undefined,undefined,undefined,undefined,-19.887351340003647,undefined
connectivity-ladder__prefactor-x10,0,90401,8000,20000,578.8338167,1419.144527,617584.6927197785,0,0,0,0,0,0,0.0,0.0,0.0,0.0,0.0,0.0,8.054815045888878e-10,8.054815045888878e-10,undefined,steady-zero,False,undefined,undefined,undefined,undefined,undefined,undefined
connectivity-ladder__prefactor-x10,1,90403,8000,20000,574.4201187,1434.076447,631802.7163645551,0,0,0,0,0,0,0.0,0.0,0.0,0.0,0.0,0.0,7.873550312752357e-10,7.873550312752357e-10,undefined,steady-zero,False,undefined,undefined,undefined,undefined,undefined,undefined
connectivity-ladder__prefactor-x10,2,90407,8000,20000,577.6964241,1445.428068,637737.6535756501,0,1,-1,0,0,0,0.0,-2.603796495100425e-10,0.0,0.0,2.1738401552008652e-21,0.0,7.800277194139109e-10,7.800277194139109e-10,undefined,steady-zero,False,undefined,undefined,undefined,undefined,-20.662772393214958,undefined
connectivity-ladder__prefactor-x10,3,90409,8000,20000,610.0296045,1539.300742,682965.9825487727,0,2,-2,0,0,0,0.0,-4.8627284802e-10,0.0,0.0,1.0989150414932637e-20,0.0,7.283716322832645e-10,7.283716322832645e-10,undefined,steady-zero,False,undefined,undefined,undefined,undefined,-19.959035882132383,undefined
connectivity-ladder__prefactor-x10,4,90413,8000,20000,579.9652283,1456.543445,644239.424738796,0,1,-1,0,0,0,0.0,-2.5775185488641973e-10,0.0,0.0,2.0688889944684092e-21,0.0,7.721555502516525e-10,7.721555502516525e-10,undefined,steady-zero,False,undefined,undefined,undefined,undefined,-20.68426281063109,undefined
connectivity-ladder__prefactor-x10,5,90419,8000,20000,611.4099099,1513.534412,663014.6166118808,0,1,-1,0,0,0,0.0,-2.5045285964576287e-10,0.0,0.0,1.0232534093287228e-20,0.0,7.502897146446998e-10,7.502897146446998e-10,undefined,steady-zero,False,undefined,undefined,undefined,undefined,-19.990016799675427,undefined
connectivity-ladder__prefactor-x10,6,90421,8000,20000,578.3516857,1496.714302,674948.7864917049,0,2,-2,0,0,0,0.0,-4.920489081268256e-10,0.0,0.0,9.803104850262573e-21,0.0,7.370233971212671e-10,7.370233971212671e-10,undefined,steady-zero,False,undefined,undefined,undefined,undefined,-20.008636352289425,undefined
connectivity-ladder__prefactor-x10,7,90427,8000,20000,607.5869487,1549.304179,692113.213808869,0,1,-1,0,0,0,0.0,-2.399230406302305e-10,0.0,0.0,1.2961302899597068e-20,0.0,7.187451959851869e-10,7.187451959851869e-10,undefined,steady-zero,False,undefined,undefined,undefined,undefined,-19.887351340003647,undefined
al-o-al-analogue__ea-minus-3,0,90401,8000,20000,3.649653778,8.947967189,3893.9849507538966,0,0,0,0,0,0,0.0,0.0,0.0,0.0,0.0,0.0,1.2774909348498728e-07,1.2774909348498728e-07,undefined,steady-zero,False,undefined,undefined,undefined,undefined,undefined,undefined
al-o-al-analogue__ea-minus-3,1,90403,8000,20000,3.621824471,9.042115823,3983.632396975523,0,0,0,0,0,0,0.0,0.0,0.0,0.0,0.0,0.0,1.24874234851758e-07,1.24874234851758e-07,undefined,steady-zero,False,undefined,undefined,undefined,undefined,undefined,undefined
al-o-al-analogue__ea-minus-3,2,90407,8000,20000,3.642482421,8.999751626,3937.314394821724,0,0,0,0,0,0,0.0,0.0,0.0,0.0,0.0,0.0,1.2634323745069312e-07,1.2634323745069312e-07,undefined,steady-zero,False,undefined,undefined,undefined,undefined,undefined,undefined
al-o-al-analogue__ea-minus-3,3,90409,8000,20000,3.710568256,9.164903898,4008.653180503329,0,0,0,0,0,0,0.0,0.0,0.0,0.0,0.0,0.0,1.2409480818206692e-07,1.2409480818206692e-07,undefined,steady-zero,False,undefined,undefined,undefined,undefined,undefined,undefined
al-o-al-analogue__ea-minus-3,4,90413,8000,20000,3.656787485,9.091166408,3993.9860293885818,0,0,0,0,0,0,0.0,0.0,0.0,0.0,0.0,0.0,1.2455052267149405e-07,1.2455052267149405e-07,undefined,steady-zero,False,undefined,undefined,undefined,undefined,undefined,undefined
al-o-al-analogue__ea-minus-3,5,90419,8000,20000,3.706578242,8.946497125,3851.0680080214624,0,0,0,0,0,0,0.0,0.0,0.0,0.0,0.0,0.0,1.2917275064133865e-07,1.2917275064133865e-07,undefined,steady-zero,False,undefined,undefined,undefined,undefined,undefined,undefined
al-o-al-analogue__ea-minus-3,6,90421,8000,20000,3.64661373,9.065003242,3982.234643433166,0,0,0,0,0,0,0.0,0.0,0.0,0.0,0.0,0.0,1.24918065368978e-07,1.24918065368978e-07,undefined,steady-zero,False,undefined,undefined,undefined,undefined,undefined,undefined
al-o-al-analogue__ea-minus-3,7,90427,8000,20000,3.561841879,9.062160769,4042.448477574098,0,0,0,0,0,0,0.0,0.0,0.0,0.0,0.0,0.0,1.230573624531433e-07,1.230573624531433e-07,undefined,steady-zero,False,undefined,undefined,undefined,undefined,undefined,undefined
al-o-al-analogue__ea-plus-3,0,90401,8000,20000,152845.1638,292092.3075,102339412.55297047,0,0,0,0,0,0,0.0,0.0,0.0,0.0,2.6292179003292904e-16,0.0,4.8608159368270106e-12,4.8608159368270106e-12,undefined,steady-zero,False,undefined,undefined,undefined,undefined,-15.58017341960338,undefined
al-o-al-analogue__ea-plus-3,1,90403,8000,20000,142966.735,288475.7979,106941597.67041048,0,2,-2,0,0,0,0.0,-3.1055063760905432e-12,0.0,0.0,7.460052728533617e-16,0.0,4.651632838291069e-12,4.651632838291069e-12,undefined,steady-zero,False,undefined,undefined,undefined,undefined,-15.127258102871801,undefined
al-o-al-analogue__ea-plus-3,2,90407,8000,20000,144853.255,308748.6768,120454615.73897484,0,2,-2,0,0,0,0.0,-2.757119861263324e-12,0.0,0.0,5.549181104679727e-16,0.0,4.129796475221621e-12,4.129796475221621e-12,undefined,steady-zero,False,undefined,undefined,undefined,undefined,-15.2557711011942,undefined
al-o-al-analogue__ea-plus-3,3,90409,8000,20000,155619.1578,303523.8717,108702276.6294715,0,1,-1,0,0,0,0.0,-1.5276028420582677e-12,0.0,0.0,9.951299725177325e-16,0.0,4.5762891351267526e-12,4.5762891351267526e-12,undefined,steady-zero,False,undefined,undefined,undefined,undefined,-15.002120192961911,undefined
al-o-al-analogue__ea-plus-3,4,90413,8000,20000,126234.5098,275756.12,109890611.36370182,0,1,-1,0,0,0,0.0,-1.5110836554344102e-12,0.0,0.0,5.313104056243266e-16,0.0,4.526802074624801e-12,4.526802074624801e-12,undefined,steady-zero,False,undefined,undefined,undefined,undefined,-15.274651678423083,undefined
al-o-al-analogue__ea-plus-3,5,90419,8000,20000,182562.7846,320095.2153,101079187.6287522,0,0,0,0,0,0,0.0,0.0,0.0,0.0,1.3970566889855102e-15,0.0,4.921419128634661e-12,4.921419128634661e-12,undefined,steady-zero,False,undefined,undefined,undefined,undefined,-14.85478597096951,undefined
al-o-al-analogue__ea-plus-3,6,90421,8000,20000,151677.251,286264.032,98914288.21412364,0,2,-2,0,0,0,0.0,-3.357531246808778e-12,0.0,0.0,8.565808683337607e-16,0.0,5.0291323577655136e-12,5.0291323577655136e-12,undefined,steady-zero,False,undefined,undefined,undefined,undefined,-15.06723162976418,undefined
al-o-al-analogue__ea-plus-3,7,90427,8000,20000,161597.2256,203283.1201,30636965.624703888,0,0,0,0,0,0,0.0,0.0,0.0,0.0,2.8591431129585994e-16,0.0,1.6237020780604837e-11,1.6237020780604837e-11,undefined,steady-zero,False,undefined,undefined,undefined,undefined,-15.543764105707888,undefined
al-o-al-analogue__prefactor-x0.1,0,90401,8000,20000,6056.874098,18170.82915,8903127.2798364,0,11,-11,0,0,0,0.0,-2.0516307545417865e-10,0.0,0.0,2.6781806032168553e-16,0.0,5.5873967861788685e-11,5.5873967861788685e-11,undefined,steady-zero,False,undefined,undefined,undefined,undefined,-15.572160139670611,undefined
al-o-al-analogue__prefactor-x0.1,1,90403,8000,20000,6675.82864,21938.09202,11216970.25184951,0,13,-13,0,0,0,0.0,-1.924495419759238e-10,0.0,0.0,4.822584598482267e-16,0.0,4.434825414830449e-11,4.434825414830449e-11,undefined,steady-zero,False,undefined,undefined,undefined,undefined,-15.316720145160124,undefined
al-o-al-analogue__prefactor-x0.1,2,90407,8000,20000,6154.917072,19640.84797,9911458.211341921,0,19,-19,0,0,0,0.0,-3.1832089288536157e-10,0.0,0.0,5.125791068634531e-16,0.0,5.01896932717474e-11,5.01896932717474e-11,undefined,steady-zero,False,undefined,undefined,undefined,undefined,-15.290239099983294,undefined
al-o-al-analogue__prefactor-x0.1,3,90409,8000,20000,6689.676074,19117.37485,9133712.608577624,0,9,-9,0,0,0,0.0,-1.6362296740680956e-10,0.0,0.0,3.195276393494722e-16,0.0,5.446340046169468e-11,5.446340046169468e-11,undefined,steady-zero,False,undefined,undefined,undefined,undefined,-15.495491569124411,undefined
al-o-al-analogue__prefactor-x0.1,4,90413,8000,20000,6289.382101,17825.78312,8478655.086840034,0,9,-9,0,0,0,0.0,-1.7626441282840906e-10,0.0,0.0,5.127221180807123e-16,0.0,5.867122113212324e-11,5.867122113212324e-11,undefined,steady-zero,False,undefined,undefined,undefined,undefined,-15.290117947328058,undefined
al-o-al-analogue__prefactor-x0.1,5,90419,8000,20000,6323.20359,19166.69494,9439298.537569627,0,7,-7,0,0,0,0.0,-1.2314234393533385e-10,0.0,0.0,1.4728501591401032e-16,0.0,5.270021342402359e-11,5.270021342402359e-11,undefined,steady-zero,False,undefined,undefined,undefined,undefined,-15.831841433991531,undefined
al-o-al-analogue__prefactor-x0.1,6,90421,8000,20000,6241.385944,16891.40214,7827208.316218131,0,8,-8,0,0,0,0.0,-1.6971967527509665e-10,0.0,0.0,1.5171409326366265e-16,0.0,6.35543385848388e-11,6.35543385848388e-11,undefined,steady-zero,False,undefined,undefined,undefined,undefined,-15.818974074174717,undefined
al-o-al-analogue__prefactor-x0.1,7,90427,8000,20000,6406.463251,20607.70833,10437176.952345796,0,14,-14,0,0,0,0.0,-2.2273788253833217e-10,0.0,0.0,2.8554103180451223e-16,0.0,4.766164737593997e-11,4.766164737593997e-11,undefined,steady-zero,False,undefined,undefined,undefined,undefined,-15.54433147548862,undefined
al-o-al-analogue__prefactor-x10,0,90401,8000,20000,57.8889451,141.9280882,61764.40182384166,0,0,0,0,0,0,0.0,0.0,0.0,0.0,0.0,0.0,8.054041370331403e-09,8.054041370331403e-09,undefined,steady-zero,False,undefined,undefined,undefined,undefined,undefined,undefined
al-o-al-analogue__prefactor-x10,1,90403,8000,20000,57.44753104,143.4214255,63186.34350506597,0,0,0,0,0,0,0.0,0.0,0.0,0.0,0.0,0.0,7.872793706809603e-09,7.872793706809603e-09,undefined,steady-zero,False,undefined,undefined,undefined,undefined,undefined,undefined
al-o-al-analogue__prefactor-x10,2,90407,8000,20000,57.77519654,142.7494665,62451.67145804748,0,0,0,0,0,0,0.0,0.0,0.0,0.0,0.0,0.0,7.965408064973282e-09,7.965408064973282e-09,undefined,steady-zero,False,undefined,undefined,undefined,undefined,undefined,undefined
al-o-al-analogue__prefactor-x10,3,90409,8000,20000,58.8551394,145.3690271,63583.21046761737,0,0,0,0,0,0,0.0,0.0,0.0,0.0,0.0,0.0,7.823654135179973e-09,7.823654135179973e-09,undefined,steady-zero,False,undefined,undefined,undefined,undefined,undefined,undefined
al-o-al-analogue__prefactor-x10,4,90413,8000,20000,58.0020964,144.1994408,63350.567596038076,0,0,0,0,0,0,0.0,0.0,0.0,0.0,0.0,0.0,7.852385012160548e-09,7.852385012160548e-09,undefined,steady-zero,False,undefined,undefined,undefined,undefined,undefined,undefined
al-o-al-analogue__prefactor-x10,5,90419,8000,20000,58.79185195,141.9047708,61083.675145228175,0,0,0,0,0,0,0.0,0.0,0.0,0.0,0.0,0.0,8.143796952627429e-09,8.143796952627429e-09,undefined,steady-zero,False,undefined,undefined,undefined,undefined,undefined,undefined
al-o-al-analogue__prefactor-x10,6,90421,8000,20000,57.8407256,145.3200057,64292.72370052041,0,1,-1,0,0,0,0.0,-2.582779156952104e-09,0.0,0.0,3.49079739998001e-21,0.0,7.737314875943988e-09,7.737314875943988e-09,undefined,steady-zero,False,undefined,undefined,undefined,undefined,-20.457075356176944,undefined
al-o-al-analogue__prefactor-x10,7,90427,8000,20000,56.49611796,143.7393686,64119.254316231745,0,0,0,0,0,0,0.0,0.0,0.0,0.0,0.0,0.0,7.758247546822504e-09,7.758247546822504e-09,undefined,steady-zero,False,undefined,undefined,undefined,undefined,undefined,undefined
adsorption__ea-minus-3,0,90401,8000,20000,8402.638778,15918.94289,5524092.824832259,0,0,0,0,0,0,0.0,0.0,0.0,0.0,3.760924925274053e-15,0.0,9.005153665535996e-11,9.005153665535996e-11,undefined,steady-zero,False,undefined,undefined,undefined,undefined,-14.424705335778512,undefined
adsorption__ea-minus-3,1,90403,8000,20000,9385.938832,22920.84425,9947451.937846374,0,0,0,0,0,0,0.0,0.0,0.0,0.0,2.9447027827484472e-15,0.0,5.000808755962603e-11,5.000808755962603e-11,undefined,steady-zero,False,undefined,undefined,undefined,undefined,-14.530958533245727,undefined
adsorption__ea-minus-3,2,90407,8000,20000,10947.69358,17946.09668,5143462.501506862,0,0,0,0,0,0,0.0,0.0,0.0,0.0,3.689003098113729e-15,0.0,9.671559719882395e-11,9.671559719882395e-11,undefined,steady-zero,False,undefined,undefined,undefined,undefined,-14.433090980042069,undefined
adsorption__ea-minus-3,3,90409,8000,20000,9417.859484,17583.7161,6001480.151533101,0,0,0,0,0,0,0.0,0.0,0.0,0.0,3.5207818765994313e-15,0.0,8.28883933534158e-11,8.28883933534158e-11,undefined,steady-zero,False,undefined,undefined,undefined,undefined,-14.453360879991896,undefined
adsorption__ea-minus-3,4,90413,8000,20000,7126.056226,14018.02788,5065240.921003425,0,0,0,0,0,0,0.0,0.0,0.0,0.0,4.028852023603957e-15,0.0,9.820915831273977e-11,9.820915831273977e-11,undefined,steady-zero,False,undefined,undefined,undefined,undefined,-14.394818683595103,undefined
adsorption__ea-minus-3,5,90419,8000,20000,6700.283296,12361.54886,4160735.9169559847,0,0,0,0,0,0,0.0,0.0,0.0,0.0,3.809549071262983e-15,0.0,1.1955890915252614e-10,1.1955890915252614e-10,undefined,steady-zero,False,undefined,undefined,undefined,undefined,-14.419126427855119,undefined
adsorption__ea-minus-3,6,90421,8000,20000,10170.08167,15811.55133,4146186.9565070737,0,0,0,0,0,0,0.0,0.0,0.0,0.0,3.6516329872610655e-15,0.0,1.1997844108845227e-10,1.1997844108845227e-10,undefined,steady-zero,False,undefined,undefined,undefined,undefined,-14.437512878349398,undefined
adsorption__ea-minus-3,7,90427,8000,20000,5055.068074,9285.682767,3109281.892003258,0,0,0,0,0,0,0.0,0.0,0.0,0.0,3.689003098113729e-15,0.0,1.5998969047560124e-10,1.5998969047560124e-10,undefined,steady-zero,False,undefined,undefined,undefined,undefined,-14.433090980042069,undefined
adsorption__ea-plus-3,0,90401,8000,20000,578.894501,1419.293259,617649.4032025592,0,0,0,0,0,0,0.0,0.0,0.0,0.0,0.0,0.0,8.053971151330531e-10,8.053971151330531e-10,undefined,steady-zero,False,undefined,undefined,undefined,undefined,undefined,undefined
adsorption__ea-plus-3,1,90403,8000,20000,574.4803202,1434.226764,631868.9465728512,0,0,0,0,0,0,0.0,0.0,0.0,0.0,0.0,0.0,7.872725035802016e-10,7.872725035802016e-10,undefined,steady-zero,False,undefined,undefined,undefined,undefined,undefined,undefined
adsorption__ea-plus-3,2,90407,8000,20000,577.7570069,1427.507113,624522.1579729848,0,0,0,0,0,0,0.0,0.0,0.0,0.0,0.0,0.0,7.965338637744726e-10,7.965338637744726e-10,undefined,steady-zero,False,undefined,undefined,undefined,undefined,undefined,undefined
adsorption__ea-plus-3,3,90409,8000,20000,588.5565288,1453.702952,635837.6507409221,0,0,0,0,0,0,0.0,0.0,0.0,0.0,0.0,0.0,7.823585893715579e-10,7.823585893715579e-10,undefined,steady-zero,False,undefined,undefined,undefined,undefined,undefined,undefined
adsorption__ea-plus-3,4,90413,8000,20000,580.0260232,1442.006986,633511.2018875537,0,0,0,0,0,0,0.0,0.0,0.0,0.0,0.0,0.0,7.852316518174047e-10,7.852316518174047e-10,undefined,steady-zero,False,undefined,undefined,undefined,undefined,undefined,undefined
adsorption__ea-plus-3,5,90419,8000,20000,587.9236478,1419.060083,610842.0774000984,0,0,0,0,0,0,0.0,0.0,0.0,0.0,0.0,0.0,8.143725946651902e-10,8.143725946651902e-10,undefined,steady-zero,False,undefined,undefined,undefined,undefined,undefined,undefined
adsorption__ea-plus-3,6,90421,8000,20000,578.4123001,1437.857081,631647.2400217889,0,0,0,0,0,0,0.0,0.0,0.0,0.0,0.0,0.0,7.875488341971277e-10,7.875488341971277e-10,undefined,steady-zero,False,undefined,undefined,undefined,undefined,undefined,undefined
adsorption__ea-plus-3,7,90427,8000,20000,564.9661048,1437.406219,641198.134499864,0,0,0,0,0,0,0.0,0.0,0.0,0.0,0.0,0.0,7.758179893817184e-10,7.758179893817184e-10,undefined,steady-zero,False,undefined,undefined,undefined,undefined,undefined,undefined
adsorption__prefactor-x0.1,0,90401,8000,20000,578.8887785,1419.279233,617643.3005616752,0,0,0,0,0,0,0.0,0.0,0.0,0.0,0.0,0.0,8.054050728804426e-10,8.054050728804426e-10,undefined,steady-zero,False,undefined,undefined,undefined,undefined,undefined,undefined
adsorption__prefactor-x0.1,1,90403,8000,20000,574.4746433,1434.212589,631862.7009110826,0,0,0,0,0,0,0.0,0.0,0.0,0.0,0.0,0.0,7.872802853938296e-10,7.872802853938296e-10,undefined,steady-zero,False,undefined,undefined,undefined,undefined,undefined,undefined
adsorption__prefactor-x0.1,2,90407,8000,20000,577.751294,1427.493007,624515.9894807583,0,0,0,0,0,0,0.0,0.0,0.0,0.0,0.0,0.0,7.965417313279534e-10,7.965417313279534e-10,undefined,steady-zero,False,undefined,undefined,undefined,undefined,undefined,undefined
adsorption__prefactor-x0.1,3,90409,8000,20000,588.5507102,1453.688582,635831.3659064239,0,0,0,0,0,0,0.0,0.0,0.0,0.0,0.0,0.0,7.823663225450314e-10,7.823663225450314e-10,undefined,steady-zero,False,undefined,undefined,undefined,undefined,undefined,undefined
adsorption__prefactor-x0.1,4,90413,8000,20000,580.0202903,1441.992733,633504.9400569284,0,0,0,0,0,0,0.0,0.0,0.0,0.0,0.0,0.0,7.852394133789874e-10,7.852394133789874e-10,undefined,steady-zero,False,undefined,undefined,undefined,undefined,undefined,undefined
adsorption__prefactor-x0.1,5,90419,8000,20000,587.9178366,1419.04606,610836.0421539478,0,0,0,0,0,0,0.0,0.0,0.0,0.0,0.0,0.0,8.143806409144747e-10,8.143806409144747e-10,undefined,steady-zero,False,undefined,undefined,undefined,undefined,undefined,undefined
adsorption__prefactor-x0.1,6,90421,8000,20000,578.4065842,1453.197107,642925.562646625,0,1,-1,0,0,0,0.0,-2.5827858832337933e-10,0.0,0.0,3.4907918667407814e-21,0.0,7.737335026083124e-10,7.737335026083124e-10,undefined,steady-zero,False,undefined,undefined,undefined,undefined,-20.45707604457472,undefined
adsorption__prefactor-x0.1,7,90427,8000,20000,564.9605237,1437.392017,641191.7985864782,0,0,0,0,0,0,0.0,0.0,0.0,0.0,0.0,0.0,7.758256555989013e-10,7.758256555989013e-10,undefined,steady-zero,False,undefined,undefined,undefined,undefined,undefined,undefined
adsorption__prefactor-x10,0,90401,8000,20000,606.865655,1731.284023,826389.0532132315,0,9,-9,0,0,0,0.0,-1.8084522715366163e-09,0.0,0.0,1.8689817574346916e-16,0.0,6.019598705582519e-10,6.019598705582519e-10,undefined,steady-zero,False,undefined,undefined,undefined,undefined,-15.728394937617484,undefined
adsorption__prefactor-x10,1,90403,8000,20000,627.2618432,1961.236726,980402.1988435921,0,7,-7,0,0,0,0.0,-1.1856127499435892e-09,0.0,0.0,1.794100505280215e-16,0.0,5.073969112775868e-10,5.073969112775868e-10,undefined,steady-zero,False,undefined,undefined,undefined,undefined,-15.746153231489265,undefined
adsorption__prefactor-x10,2,90407,8000,20000,620.0231818,2017.803418,1027295.8169903222,0,13,-13,0,0,0,0.0,-2.1013429156660698e-09,0.0,0.0,3.0934346054923315e-16,0.0,4.842354454049913e-10,4.842354454049913e-10,undefined,steady-zero,False,undefined,undefined,undefined,undefined,-15.509559060434029,undefined
adsorption__prefactor-x10,3,90409,8000,20000,651.2654391,1665.834655,745655.6363786575,0,4,-4,0,0,0,0.0,-8.907806693386783e-10,0.0,0.0,6.148413735238464e-16,0.0,6.671350999489761e-10,6.671350999489761e-10,undefined,steady-zero,False,undefined,undefined,undefined,undefined,-15.21123691591443,undefined
adsorption__prefactor-x10,4,90413,8000,20000,666.7297062,2469.198635,1324720.9703330812,0,20,-20,0,0,0,0.0,-2.507002009270419e-09,0.0,0.0,6.982795695536435e-16,0.0,3.7551534145180474e-10,3.7551534145180474e-10,undefined,steady-zero,False,undefined,undefined,undefined,undefined,-15.155970664474687,undefined
adsorption__prefactor-x10,5,90419,8000,20000,643.7318101,2076.359995,1052907.2478884489,0,19,-19,0,0,0,0.0,-2.9964882794353893e-09,0.0,0.0,4.792678348471336e-16,0.0,4.724566655805719e-10,4.724566655805719e-10,undefined,steady-zero,False,undefined,undefined,undefined,undefined,-15.319421716881664,undefined
adsorption__prefactor-x10,6,90421,8000,20000,621.0016138,1700.647043,793483.2704925903,0,7,-7,0,0,0,0.0,-1.4649046681224858e-09,0.0,0.0,1.7930291929893945e-16,0.0,6.269231702820612e-10,6.269231702820612e-10,undefined,steady-zero,False,undefined,undefined,undefined,undefined,-15.746412639466822,undefined
adsorption__prefactor-x10,7,90427,8000,20000,622.3587291,1950.143991,975853.1492185865,0,9,-9,0,0,0,0.0,-1.53146522266508e-09,0.0,0.0,3.0195448530402013e-16,0.0,5.097621992625921e-10,5.097621992625921e-10,undefined,steady-zero,False,undefined,undefined,undefined,undefined,-15.520058514893822,undefined
cation-desorption__ea-minus-3,0,90401,8000,20000,578.8338167,1419.144527,617584.6927197785,0,0,0,0,0,0,0.0,0.0,0.0,0.0,0.0,0.0,8.054815045888878e-10,8.054815045888878e-10,undefined,steady-zero,False,undefined,undefined,undefined,undefined,undefined,undefined
cation-desorption__ea-minus-3,1,90403,8000,20000,574.4201187,1434.076447,631802.7163645551,0,0,0,0,0,0,0.0,0.0,0.0,0.0,0.0,0.0,7.873550312752357e-10,7.873550312752357e-10,undefined,steady-zero,False,undefined,undefined,undefined,undefined,undefined,undefined
cation-desorption__ea-minus-3,2,90407,8000,20000,577.6964241,1445.428068,637737.6535756501,0,1,-1,0,0,0,0.0,-2.603796495100425e-10,0.0,0.0,3.448068783243965e-19,0.0,7.800277194139109e-10,7.800277194139109e-10,undefined,steady-zero,False,undefined,undefined,undefined,undefined,-18.46242407930749,undefined
cation-desorption__ea-minus-3,3,90409,8000,20000,610.0296045,1539.300742,682965.9825487727,0,2,-2,0,0,0,0.0,-4.8627284802e-10,0.0,0.0,1.7430603815001174e-18,0.0,7.283716322832645e-10,7.283716322832645e-10,undefined,steady-zero,False,undefined,undefined,undefined,undefined,-17.758687568198038,undefined
cation-desorption__ea-minus-3,4,90413,8000,20000,579.9652283,1456.543445,644239.424738796,0,1,-1,0,0,0,0.0,-2.5775185488641973e-10,0.0,0.0,3.28159894404212e-19,0.0,7.721555502516525e-10,7.721555502516525e-10,undefined,steady-zero,False,undefined,undefined,undefined,undefined,-18.483914496723624,undefined
cation-desorption__ea-minus-3,5,90419,8000,20000,611.4099099,1513.534412,663014.6166118808,0,1,-1,0,0,0,0.0,-2.5045285964576287e-10,0.0,0.0,1.6230485620872983e-18,0.0,7.502897146446998e-10,7.502897146446998e-10,undefined,steady-zero,False,undefined,undefined,undefined,undefined,-17.789668485761553,undefined
cation-desorption__ea-minus-3,6,90421,8000,20000,578.3516857,1496.714302,674948.7864917049,0,2,-2,0,0,0,0.0,-4.920489081268256e-10,0.0,0.0,1.554934006229064e-18,0.0,7.370233971212671e-10,7.370233971212671e-10,undefined,steady-zero,False,undefined,undefined,undefined,undefined,-17.808288038366243,undefined
cation-desorption__ea-minus-3,7,90427,8000,20000,607.5869487,1549.304179,692113.213808869,0,1,-1,0,0,0,0.0,-2.399230406302305e-10,0.0,0.0,2.0558762709644647e-18,0.0,7.187451959851869e-10,7.187451959851869e-10,undefined,steady-zero,False,undefined,undefined,undefined,undefined,-17.687003026084504,undefined
cation-desorption__ea-plus-3,0,90401,8000,20000,578.8338167,1419.144527,617584.6927197785,0,0,0,0,0,0,0.0,0.0,0.0,0.0,0.0,0.0,8.054815045888878e-10,8.054815045888878e-10,undefined,steady-zero,False,undefined,undefined,undefined,undefined,undefined,undefined
cation-desorption__ea-plus-3,1,90403,8000,20000,574.4201187,1434.076447,631802.7163645551,0,0,0,0,0,0,0.0,0.0,0.0,0.0,0.0,0.0,7.873550312752357e-10,7.873550312752357e-10,undefined,steady-zero,False,undefined,undefined,undefined,undefined,undefined,undefined
cation-desorption__ea-plus-3,2,90407,8000,20000,577.6964241,1445.428068,637737.6535756501,0,1,-1,0,0,0,0.0,-2.603796495100425e-10,0.0,0.0,1.3705007986258412e-23,0.0,7.800277194139109e-10,7.800277194139109e-10,undefined,steady-zero,False,undefined,undefined,undefined,undefined,-22.863120707049916,undefined
cation-desorption__ea-plus-3,3,90409,8000,20000,610.0296045,1539.300742,682965.9825487727,0,2,-2,0,0,0,0.0,-4.8627284802e-10,0.0,0.0,6.928126423460711e-23,0.0,7.283716322832645e-10,7.283716322832645e-10,undefined,steady-zero,False,undefined,undefined,undefined,undefined,-22.159384195974773,undefined
cation-desorption__ea-plus-3,4,90413,8000,20000,579.9652283,1456.543445,644239.424738796,0,1,-1,0,0,0,0.0,-2.5775185488641973e-10,0.0,0.0,1.3043341813350445e-23,0.0,7.721555502516525e-10,7.721555502516525e-10,undefined,steady-zero,False,undefined,undefined,undefined,undefined,-22.884611124466048,undefined
cation-desorption__ea-plus-3,5,90419,8000,20000,611.4099099,1513.534412,663014.6166118808,0,1,-1,0,0,0,0.0,-2.5045285964576287e-10,0.0,0.0,6.451116524125162e-23,0.0,7.502897146446998e-10,7.502897146446998e-10,undefined,steady-zero,False,undefined,undefined,undefined,undefined,-22.19036511353495,undefined
cation-desorption__ea-plus-3,6,90421,8000,20000,578.3516857,1496.714302,674948.7864917049,0,2,-2,0,0,0,0.0,-4.920489081268256e-10,0.0,0.0,6.180382210849841e-23,0.0,7.370233971212671e-10,7.370233971212671e-10,undefined,steady-zero,False,undefined,undefined,undefined,undefined,-22.208984666184612,undefined
cation-desorption__ea-plus-3,7,90427,8000,20000,607.5869487,1549.304179,692113.213808869,0,1,-1,0,0,0,0.0,-2.399230406302305e-10,0.0,0.0,8.171472925826681e-23,0.0,7.187451959851869e-10,7.187451959851869e-10,undefined,steady-zero,False,undefined,undefined,undefined,undefined,-22.08769965388336,undefined
cation-desorption__prefactor-x0.1,0,90401,8000,20000,578.8338167,1419.144527,617584.6927197785,0,0,0,0,0,0,0.0,0.0,0.0,0.0,0.0,0.0,8.054815045888878e-10,8.054815045888878e-10,undefined,steady-zero,False,undefined,undefined,undefined,undefined,undefined,undefined
cation-desorption__prefactor-x0.1,1,90403,8000,20000,574.4201187,1434.076447,631802.7163645551,0,0,0,0,0,0,0.0,0.0,0.0,0.0,0.0,0.0,7.873550312752357e-10,7.873550312752357e-10,undefined,steady-zero,False,undefined,undefined,undefined,undefined,undefined,undefined
cation-desorption__prefactor-x0.1,2,90407,8000,20000,577.6964241,1445.428068,637737.6535756501,0,1,-1,0,0,0,0.0,-2.603796495100425e-10,0.0,0.0,2.173840155200866e-22,0.0,7.800277194139109e-10,7.800277194139109e-10,undefined,steady-zero,False,undefined,undefined,undefined,undefined,-21.662772393214958,undefined
cation-desorption__prefactor-x0.1,3,90409,8000,20000,610.0296045,1539.300742,682965.9825487727,0,2,-2,0,0,0,0.0,-4.8627284802e-10,0.0,0.0,1.0989150414932638e-21,0.0,7.283716322832645e-10,7.283716322832645e-10,undefined,steady-zero,False,undefined,undefined,undefined,undefined,-20.959035882132383,undefined
cation-desorption__prefactor-x0.1,4,90413,8000,20000,579.9652283,1456.543445,644239.424738796,0,1,-1,0,0,0,0.0,-2.5775185488641973e-10,0.0,0.0,2.0688889944684087e-22,0.0,7.721555502516525e-10,7.721555502516525e-10,undefined,steady-zero,False,undefined,undefined,undefined,undefined,-21.68426281063109,undefined
cation-desorption__prefactor-x0.1,5,90419,8000,20000,611.4099099,1513.534412,663014.6166118808,0,1,-1,0,0,0,0.0,-2.5045285964576287e-10,0.0,0.0,1.023253409328723e-21,0.0,7.502897146446998e-10,7.502897146446998e-10,undefined,steady-zero,False,undefined,undefined,undefined,undefined,-20.990016799675427,undefined
cation-desorption__prefactor-x0.1,6,90421,8000,20000,578.3516857,1496.714302,674948.7864917049,0,2,-2,0,0,0,0.0,-4.920489081268256e-10,0.0,0.0,9.803104850262571e-22,0.0,7.370233971212671e-10,7.370233971212671e-10,undefined,steady-zero,False,undefined,undefined,undefined,undefined,-21.008636352289425,undefined
cation-desorption__prefactor-x0.1,7,90427,8000,20000,607.5869487,1549.304179,692113.213808869,0,1,-1,0,0,0,0.0,-2.399230406302305e-10,0.0,0.0,1.296130289959707e-21,0.0,7.187451959851869e-10,7.187451959851869e-10,undefined,steady-zero,False,undefined,undefined,undefined,undefined,-20.887351340003647,undefined
cation-desorption__prefactor-x10,0,90401,8000,20000,578.8338167,1419.144527,617584.6927197785,0,0,0,0,0,0,0.0,0.0,0.0,0.0,0.0,0.0,8.054815045888878e-10,8.054815045888878e-10,undefined,steady-zero,False,undefined,undefined,undefined,undefined,undefined,undefined
cation-desorption__prefactor-x10,1,90403,8000,20000,574.4201187,1434.076447,631802.7163645551,0,0,0,0,0,0,0.0,0.0,0.0,0.0,0.0,0.0,7.873550312752357e-10,7.873550312752357e-10,undefined,steady-zero,False,undefined,undefined,undefined,undefined,undefined,undefined
cation-desorption__prefactor-x10,2,90407,8000,20000,577.6964241,1445.428068,637737.6535756501,0,1,-1,0,0,0,0.0,-2.603796495100425e-10,0.0,0.0,2.1738401552008654e-20,0.0,7.800277194139109e-10,7.800277194139109e-10,undefined,steady-zero,False,undefined,undefined,undefined,undefined,-19.662772393214958,undefined
cation-desorption__prefactor-x10,3,90409,8000,20000,610.0296045,1539.300742,682965.9825487727,0,2,-2,0,0,0,0.0,-4.8627284802e-10,0.0,0.0,1.0989150414932636e-19,0.0,7.283716322832645e-10,7.283716322832645e-10,undefined,steady-zero,False,undefined,undefined,undefined,undefined,-18.959035882132383,undefined
cation-desorption__prefactor-x10,4,90413,8000,20000,579.9652283,1456.543445,644239.424738796,0,1,-1,0,0,0,0.0,-2.5775185488641973e-10,0.0,0.0,2.0688889944684093e-20,0.0,7.721555502516525e-10,7.721555502516525e-10,undefined,steady-zero,False,undefined,undefined,undefined,undefined,-19.68426281063109,undefined
cation-desorption__prefactor-x10,5,90419,8000,20000,611.4099099,1513.534412,663014.6166118808,0,1,-1,0,0,0,0.0,-2.5045285964576287e-10,0.0,0.0,1.023253409328723e-19,0.0,7.502897146446998e-10,7.502897146446998e-10,undefined,steady-zero,False,undefined,undefined,undefined,undefined,-18.990016799675427,undefined
cation-desorption__prefactor-x10,6,90421,8000,20000,578.3516857,1496.714302,674948.7864917049,0,2,-2,0,0,0,0.0,-4.920489081268256e-10,0.0,0.0,9.803104850262571e-20,0.0,7.370233971212671e-10,7.370233971212671e-10,undefined,steady-zero,False,undefined,undefined,undefined,undefined,-19.008636352289425,undefined
cation-desorption__prefactor-x10,7,90427,8000,20000,607.5869487,1549.304179,692113.213808869,0,1,-1,0,0,0,0.0,-2.399230406302305e-10,0.0,0.0,1.296130289959707e-19,0.0,7.187451959851869e-10,7.187451959851869e-10,undefined,steady-zero,False,undefined,undefined,undefined,undefined,-18.887351340003647,undefined
