defect_density,step,replicas,time_mean,time_ci95_low,time_ci95_high,defects_mean,defects_ci95_low,defects_ci95_high,total_rate_mean,total_rate_ci95_low,total_rate_ci95_high,rate_log10_mean_mean,rate_log10_mean_ci95_low,rate_log10_mean_ci95_high,rate_log10_width_mean,rate_log10_width_ci95_low,rate_log10_width_ci95_high,exposure_age_mean_mean,exposure_age_mean_ci95_low,exposure_age_mean_ci95_high,exposure_age_p95_mean,exposure_age_p95_ci95_low,exposure_age_p95_ci95_high,geometric_area_mean,geometric_area_ci95_low,geometric_area_ci95_high,bet_proxy_mean,bet_proxy_ci95_low,bet_proxy_ci95_high
0.05,0,64,0.0,0.0,0.0,7.640625,6.96875,8.328125,76.40625,69.53125,83.4375,1.0,1.0,1.0,0.0,0.0,0.0,0.0,0.0,0.0,0.0,0.0,0.0,6629.904,6629.904,6629.904,288.0,288.0,288.0
0.05,10,64,9.648248097434687,7.135786200313437,12.35620733822078,0.421875,0.1875,0.703125,4.62359375,2.2746875,7.4328125,-1.9725954466096405,-1.9883019261561008,-1.9539357318530322,0.11578964408067342,0.06021901641152832,0.18139899226122835,9.449117821951722,7.065518413699121,12.114906819668997,9.648248097434687,7.285389269179219,12.316732149691875,6629.904,6629.904,6629.904,290.875,290.015625,291.859375
0.05,20,64,28.55205977275,25.284929436375,32.02916727140625,0.0,0.0,0.0,0.63296875,0.6175,0.64890625,-2.0,-2.0,-2.0,0.0,0.0,0.0,27.23643686787378,24.224062230172954,30.45139181368095,28.55205977275,25.384253949125,31.91073685440625,6628.4652187500005,6626.307046875,6629.904,298.765625,297.03125,300.609375
0.05,30,64,42.24766639921875,38.73330680671875,46.044515208281254,0.0,0.0,0.0,0.82421875,0.80328125,0.8446875,-2.0,-2.0,-2.0,0.0,0.0,0.0,39.129676602000664,35.83206817483925,42.46679070910925,42.24766639921875,38.48925329953125,46.15794367203125,6626.307046875,6623.429484375,6629.184609375,307.234375,305.265625,309.203125
0.05,40,64,52.501004015625,48.63408239359375,56.5396413046875,0.0,0.0,0.0,0.99640625,0.97171875,1.02015625,-2.0,-2.0,-2.0,0.0,0.0,0.0,47.291815513990116,43.937696728260526,51.06184851518095,52.501004015625,48.594851998125,56.5869754134375,6623.429484375,6619.113140625001,6627.026437500001,314.5625,312.4375,316.8125
0.05,50,64,62.07984786359375,57.86360502703125,66.42655792453125,0.0,0.0,0.0,1.1509375,1.12515625,1.17765625,-2.0,-2.0,-2.0,0.0,0.0,0.0,54.68321096305736,51.01957740659325,58.424554110103365,62.07984786359375,57.92624289828125,66.78298978609375,6619.83253125,6614.796796875001,6624.868265625,320.640625,318.609375,322.828125
0.05,60,64,69.78437701859374,65.39937171125,74.058448686875,0.0,0.0,0.0,1.2940625,1.26671875,1.3215625,-2.0,-2.0,-2.0,0.0,0.0,0.0,60.15567864787877,56.49529138537788,64.07143948495573,69.78437701859374,65.60651385125,74.40346555578125,6611.919234375,6605.44471875,6617.674359375001,325.984375,323.953125,328.1875
0.05,70,64,77.2429902925,72.9526858525,81.70914873671875,0.0,0.0,0.0,1.42875,1.39984375,1.45921875,-2.0,-2.0,-2.0,0.0,0.0,0.0,65.26654712146828,61.40713212632883,69.06103725930004,77.2429902925,72.77359264609375,81.70561198359376,6604.0059375,6596.092640625,6611.199843750001,331.203125,328.984375,333.34375
0.05,80,64,84.30591108265625,79.82606929828125,89.08150267875,0.0,0.0,0.0,1.55640625,1.52421875,1.58796875,-2.0,-2.0,-2.0,0.0,0.0,0.0,70.01599729037758,66.39923436690371,73.8775074208572,84.30591108265625,80.0471206378125,89.05378296531251,6592.495687500001,6581.704828125,6601.847765625001,335.421875,333.078125,337.859375
0.05,90,64,90.79760032484376,86.1564498959375,95.364668108125,0.0,0.0,0.0,1.66453125,1.629375,1.6965625,-2.0,-2.0,-2.0,0.0,0.0,0.0,74.3938313024739,70.69247456873941,78.33646519709633,90.79760032484376,86.17011232343751,95.8260496753125,6574.510921875,6562.281281250001,6586.7405625,337.390625,334.6875,339.859375
0.05,100,64,96.82010381765625,92.19871246671875,101.7248439315625,0.0,0.0,0.0,1.75625,1.72171875,1.7884375,-2.0,-2.0,-2.0,0.0,0.0,0.0,78.38845495992499,74.77228938117321,82.55942663177805,96.82010381765625,92.295809675,101.7970494984375,6556.52615625,6540.6995625,6571.6333593750005,338.40625,335.703125,341.203125
0.05,110,64,102.26807819375,97.30976362703124,107.5377252059375,0.0,0.0,0.0,1.85,1.81625,1.8865625,-2.0,-2.0,-2.0,0.0,0.0,0.0,81.80264558724897,77.72727238351854,86.04062256887748,102.26807819375,97.3934194925,107.1221596425,6536.38321875,6518.398453125,6552.2098125,339.390625,336.375,342.46875
0.05,120,64,107.48302319375,102.71545669375,112.5698468746875,0.0,0.0,0.0,1.935625,1.89765625,1.9721875,-2.0,-2.0,-2.0,0.0,0.0,0.0,84.92948322631638,81.21179121647788,89.06221662019327,107.48302319375,102.55157222015625,112.85516653859375,6511.9239375,6493.21978125,6531.347484375,339.796875,336.828125,342.921875
0.05,130,64,112.1605719803125,106.966172075,117.18118952484375,0.0,0.0,0.0,2.01015625,1.9728124999999999,2.0475,-2.0,-2.0,-2.0,0.0,0.0,0.0,87.64655604030767,83.52908141107763,91.80464550844117,112.1605719803125,107.31919426859375,117.29614329453125,6491.781,6471.6380625,6511.204546875,339.40625,336.171875,342.546875
0.05,140,64,117.5479641215625,112.464972683125,122.85237131640625,0.0,0.0,0.0,2.0796875,2.038125,2.12171875,-2.0,-2.0,-2.0,0.0,0.0,0.0,91.21770265708321,86.90680650931212,95.58603390888037,117.5479641215625,112.24094264890626,122.92431493765625,6466.602328125,6445.020609375,6486.745265625,337.953125,334.65625,341.109375
0.05,150,64,122.383397121875,117.09610545765625,128.028114216875,0.0,0.0,0.0,2.13859375,2.09484375,2.18109375,-2.0,-2.0,-2.0,0.0,0.0,0.0,94.29582666819823,90.24519951220367,98.47927896899289,122.383397121875,116.92608618625,127.9885447625,6443.581828125,6421.28071875,6466.602328125,336.203125,333.015625,339.65625
0.05,160,64,126.99844152078126,121.625346199375,132.72217382734374,0.0,0.0,0.0,2.19015625,2.148125,2.23078125,-2.0,-2.0,-2.0,0.0,0.0,0.0,97.15158235239359,92.87560945910475,101.42739860881068,126.99844152078126,121.68788055359374,132.6015234453125,6407.612296875,6380.99484375,6433.510359375,333.640625,330.375,337.0
0.05,170,64,131.197549778125,125.75524034765625,136.90001530421875,0.0,0.0,0.0,2.2334375,2.191875,2.27296875,-2.0,-2.0,-2.0,0.0,0.0,0.0,99.62041814425511,95.40471566111461,104.01109689769262,131.197549778125,125.818318958125,136.9602902396875,6379.5560625,6355.09678125,6405.454125,331.359375,328.25,334.359375
0.05,180,64,135.7321249384375,130.006810784375,141.61733793453126,0.0,0.0,0.0,2.2746875,2.23265625,2.3165625,-2.0,-2.0,-2.0,0.0,0.0,0.0,102.57371510834918,98.45425884709917,106.92889846121922,135.7321249384375,130.2691275153125,141.6831140646875,6342.867140625,6315.530296875,6371.642765625,328.34375,325.140625,331.359375
0.05,190,64,140.282614890625,134.67314105515624,146.57208148421876,0.0,0.0,0.0,2.30484375,2.26328125,2.345625,-2.0,-2.0,-2.0,0.0,0.0,0.0,105.61296462873628,101.43425772233306,110.02346170258242,140.282614890625,134.74927112671875,146.3443136359375,6300.42309375,6270.928078125,6330.6375,323.984375,320.75,327.078125
0.05,200,64,144.91739444375,139.420192040625,150.8153616078125,0.0,0.0,0.0,2.34015625,2.2984375,2.3810937500000002,-2.0,-2.0,-2.0,0.0,0.0,0.0,108.53338373517606,104.31846762628979,113.14622093609519,144.91739444375,138.9026526421875,151.2426628453125,6264.4535625,6232.080984375,6295.387359375,320.21875,317.359375,323.296875
0.05,210,64,149.098539925,143.32890164375,155.33087563750001,0.0,0.0,0.0,2.36828125,2.32796875,2.4084375,-2.0,-2.0,-2.0,0.0,0.0,0.0,111.06669610665293,106.69940048856978,115.50623726591944,149.098539925,143.025511865625,155.261605725,6216.254390625,6181.00425,6248.62696875,316.234375,313.421875,319.078125
0.05,220,64,153.2471294484375,147.367568221875,159.1214632171875,0.0,0.0,0.0,2.38328125,2.3415625,2.4246875,-2.0,-2.0,-2.0,0.0,0.0,0.0,113.81040322364149,109.49093203338954,118.33080928245477,153.2471294484375,147.068812984375,159.946332965625,6168.05521875,6128.488734375,6203.305359375,311.453125,308.71875,314.296875
0.05,230,64,157.570944821875,151.36779243750001,163.84264060625,0.0,0.0,0.0,2.386875,2.348125,2.423125,-2.0,-2.0,-2.0,0.0,0.0,0.0,116.81012062545263,112.22003695525382,121.17328854689276,157.570944821875,151.3779138078125,164.0679009703125,6127.049953125,6090.36103125,6161.580703125,305.84375,303.203125,308.359375
0.05,240,64,161.9137755390625,155.6782304875,168.2862011,0.0,0.0,0.0,2.38625,2.3464062500000002,2.4215625,-2.0,-2.0,-2.0,0.0,0.0,0.0,119.76086619274588,115.4742048716212,124.47927794641228,161.9137755390625,155.865773125,168.52048787500001,6068.059921875,6027.05465625,6104.029453125,300.328125,297.78125,302.828125
0.05,250,64,166.2125999109375,159.56820365625,172.658356678125,0.0,0.0,0.0,2.37984375,2.34265625,2.41390625,-2.0,-2.0,-2.0,0.0,0.0,0.0,122.84253875977966,118.39643335792766,127.54698656977591,166.2125999109375,159.6306732328125,172.768588978125,6002.595375,5965.1870625,6040.0036875,294.09375,291.78125,296.5
0.05,260,64,170.5688857703125,164.1664548265625,177.222563953125,0.0,0.0,0.0,2.3728125,2.339375,2.405625,-2.0,-2.0,-2.0,0.0,0.0,0.0,125.80080106030042,121.6649060081428,130.3002066875188,170.5688857703125,164.4138336296875,177.106207990625,5935.692046875,5896.1255625,5973.81975,287.875,285.625,290.0625
0.05,270,64,175.037793484375,168.441129940625,181.7314263015625,0.0,0.0,0.0,2.3634375,2.33171875,2.39453125,-2.0,-2.0,-2.0,0.0,0.0,0.0,128.9380683555932,124.74255603819194,133.32423189508884,175.037793484375,168.9729517515625,181.9548153453125,5873.824453125,5832.8191875,5912.671546875,281.671875,279.546875,283.75
0.05,280,64,179.4301547984375,172.9732872859375,186.2532391296875,0.0,0.0,0.0,2.34828125,2.318125,2.3778125,-2.0,-2.0,-2.0,0.0,0.0,0.0,131.88384773192038,127.79529516176983,136.45330583935623,179.4301547984375,172.9310084671875,186.0915182796875,5806.201734375,5759.44134375,5846.487609375,275.125,273.046875,277.171875
0.05,290,64,183.6723612734375,177.54116455625,190.1270878890625,0.0,0.0,0.0,2.3271875,2.29890625,2.35578125,-2.0,-2.0,-2.0,0.0,0.0,0.0,134.67766444845358,130.70497349685533,138.88762303308687,183.6723612734375,177.045435375,190.20112744375,5738.5790156250005,5695.415578125,5782.46184375,268.21875,266.359375,270.0625
0.05,300,64,187.878535653125,181.3202881890625,194.190750634375,0.0,0.0,0.0,2.290625,2.2621875,2.31796875,-2.0,-2.0,-2.0,0.0,0.0,0.0,137.85772352279756,133.97848752566884,141.9660929737168,187.878535653125,181.461676046875,194.35861295,5660.884828125,5616.282609375,5706.2064375,260.3125,258.53125,262.0
0.05,310,64,192.3108138234375,186.3603609203125,198.9024343375,0.0,0.0,0.0,2.2515625,2.22359375,2.2796875,-2.0,-2.0,-2.0,0.0,0.0,0.0,141.32104614122463,137.44718116116232,145.3024522496836,192.3108138234375,185.7771768375,198.88500584375,5586.068203125,5540.027203125,5629.95103125,252.59375,250.890625,254.21875
0.05,320,64,196.8074085234375,190.68070078125,203.6344318078125,0.0,0.0,0.0,2.20828125,2.18234375,2.2328125,-2.0,-2.0,-2.0,0.0,0.0,0.0,144.80419047197105,141.08033491656866,148.68605477206484,196.8074085234375,190.4166538078125,203.217943228125,5512.690359375,5467.36875,5558.01196875,244.59375,243.015625,246.125
0.05,330,64,201.600826078125,194.9369486984375,208.199248403125,0.0,0.0,0.0,2.1609375,2.13890625,2.18375,-2.0,-2.0,-2.0,0.0,0.0,0.0,148.73197713462957,144.90118783356712,152.49110041548965,201.600826078125,194.8051230109375,208.3358976140625,5431.39921875,5388.2357812499995,5477.44021875,236.59375,235.125,237.921875
0.05,340,64,206.0430659765625,199.4134547578125,213.0088395046875,0.0,0.0,0.0,2.10578125,2.08484375,2.12625,-2.0,-2.0,-2.0,0.0,0.0,0.0,152.26003882708707,148.62691034368905,156.05204519674487,206.0430659765625,199.604863790625,212.649768753125,5356.58259375,5314.1385468749995,5401.904203125,228.078125,226.828125,229.3125
0.05,350,64,210.765469575,204.3332524046875,217.28556391718752,0.0,0.0,0.0,2.04703125,2.02828125,2.064375,-2.0,-2.0,-2.0,0.0,0.0,0.0,156.40701428308822,152.64931114115663,160.21993581313714,210.765469575,204.1712100296875,217.636445075,5261.62303125,5219.178984375,5304.78646875,219.484375,218.28125,220.515625
0.05,360,64,215.5274903421875,208.9726725296875,222.3111303625,0.0,0.0,0.0,1.98484375,1.96734375,2.0009375,-2.0,-2.0,-2.0,0.0,0.0,0.0,160.17613878401568,156.49668905057254,163.92708032071909,215.5274903421875,209.0520570296875,222.3646917921875,5156.592,5114.147953125,5196.877875,210.6875,209.65625,211.671875
0.05,370,64,220.5564748859375,214.0561302828125,227.3122136234375,0.0,0.0,0.0,1.91609375,1.89984375,1.930625,-2.0,-2.0,-2.0,0.0,0.0,0.0,164.50621109284583,161.01137213853434,168.26357371809218,220.5564748859375,213.9090310671875,227.0498444984375,5051.56096875,5006.239359375,5095.443796875,201.671875,200.703125,202.484375
0.05,380,64,226.0753728375,219.799881290625,232.830223678125,0.0,0.0,0.0,1.845,1.83109375,1.8584375,-2.0,-2.0,-2.0,0.0,0.0,0.0,169.2202452170944,165.64738321342173,172.84480793137453,226.0753728375,219.1591464875,233.2924102828125,4940.7748125,4897.6113749999995,4983.93825,192.765625,192.03125,193.40625
0.05,390,64,231.87097908125,225.19875986875,239.0862235859375,0.0,0.0,0.0,1.7665625,1.75296875,1.77921875,-2.0,-2.0,-2.0,0.0,0.0,0.0,174.56801769597365,170.86364504685702,178.42698300827269,231.87097908125,225.1130560171875,238.9506958640625,4815.60084375,4775.31496875,4857.3255,183.578125,182.953125,184.171875
0.05,400,64,237.6503783765625,231.1838086390625,244.62157335625,0.0,0.0,0.0,1.686875,1.6753125,1.69796875,-2.0,-2.0,-2.0,0.0,0.0,0.0,179.8842988896863,176.2366686963597,183.9197227288169,237.6503783765625,230.73402205,244.413863996875,4680.35540625,4636.472578125,4724.238234375,174.296875,173.734375,174.8125
0.05,410,64,243.6442485859375,237.3519725296875,250.8561494203125,0.0,0.0,0.0,1.6028125,1.59390625,1.6115625,-2.0,-2.0,-2.0,0.0,0.0,0.0,185.65198137486718,182.1075785668725,189.59060211283975,243.6442485859375,237.280301296875,250.4936631375,4539.35484375,4497.6301875,4581.798890625,164.78125,164.3125,165.171875
0.05,420,64,250.1625165875,243.59443176875,257.1470702109375,0.0,0.0,0.0,1.5153125,1.50640625,1.5234375,-2.0,-2.0,-2.0,0.0,0.0,0.0,191.54904115359116,187.98194588178305,195.2704004067453,250.1625165875,243.59108099375,257.6057839484375,4394.0379375,4353.7520625,4436.481984375,155.15625,154.78125,155.484375
0.05,430,64,256.8136612359375,250.1844292765625,263.2219900359375,0.0,0.0,0.0,1.42625,1.41828125,1.4337499999999999,-2.0,-2.0,-2.0,0.0,0.0,0.0,197.81053102374477,194.093993718791,201.49669691397878,256.8136612359375,250.34045654843752,263.8694964171875,4235.052609375,4196.92490625,4271.74153125,145.40625,145.03125,145.6875
0.05,440,64,263.90911419375,257.23012405,270.9229564671875,0.0,0.0,0.0,1.33515625,1.32828125,1.34109375,-2.0,-2.0,-2.0,0.0,0.0,0.0,204.71363502803837,200.85517229542512,208.65186045335486,263.90911419375,257.387573821875,270.635229865625,4050.8886093749998,4012.76090625,4089.0163125,135.609375,135.390625,135.78125
0.05,450,64,271.3789534359375,265.169402803125,278.406970840625,0.0,0.0,0.0,1.24359375,1.23890625,1.24796875,-2.0,-2.0,-2.0,0.0,0.0,0.0,211.87782586131019,208.0337385836773,215.7230121237675,271.3789534359375,264.784351959375,278.420037134375,3864.5664375,3822.84178125,3904.8523125,125.8125,125.640625,125.9375
0.05,460,64,280.1040917,273.52271987031247,287.151215303125,0.0,0.0,0.0,1.149375,1.145625,1.15265625,-2.0,-2.0,-2.0,0.0,0.0,0.0,220.081155339069,215.55247320148447,224.54997464755075,280.1040917,273.4842524765625,286.8605589390625,3676.805484375,3635.80021875,3719.24953125,115.859375,115.71875,115.96875
0.05,470,64,289.37371864375,282.661282165625,296.416428978125,0.0,0.0,0.0,1.0523437500000001,1.04953125,1.0550000000000002,-2.0,-2.0,-2.0,0.0,0.0,0.0,229.00971797134198,224.20609245503104,233.52500700822318,289.37371864375,282.43893360625,295.9254663453125,3457.39134375,3418.54425,3499.116,105.9375,105.84375,106.0
0.05,480,64,299.023729446875,292.5645609984375,305.742127328125,0.0,0.0,0.0,0.9551562499999999,0.9529687499999999,0.95703125,-2.0,-2.0,-2.0,0.0,0.0,0.0,238.71589869078375,234.2532610269887,243.56623037813011,299.023729446875,292.0137283640625,305.94608513125,3225.7475625,3186.90046875,3261.71709375,95.9375,95.859375,96.0
0.05,490,64,310.2204752421875,303.457118646875,317.098421896875,0.0,0.0,0.0,0.85734375,0.8557812499999999,0.8585937499999999,-2.0,-2.0,-2.0,0.0,0.0,0.0,249.69440749734866,245.23384588461028,254.22691334647857,310.2204752421875,303.2715662734375,317.060107353125,2981.874140625,2946.624,3017.12428125,86.0,86.0,86.0
0.05,500,64,322.4219654484375,315.646616853125,329.156899609375,0.0,0.0,0.0,0.75859375,0.75734375,0.75953125,-2.0,-2.0,-2.0,0.0,0.0,0.0,262.2867046921957,257.8536155928639,266.83216078149053,322.4219654484375,315.8496014,328.8891476140625,2740.87828125,2707.066921875,2774.689640625,76.0,76.0,76.0
0.05,510,64,336.6760674578125,330.103742959375,343.1868183484375,0.0,0.0,0.0,0.6590625,0.65828125,0.6596875,-2.0,-2.0,-2.0,0.0,0.0,0.0,276.10090538889204,271.8042997150781,280.5454526884588,336.6760674578125,329.93563654375,343.2227804484375,2451.68325,2421.46884375,2481.1782656249998,66.0,66.0,66.0
0.05,520,64,352.59275114375,346.32806319375,359.2418910875,0.0,0.0,0.0,0.5596875,0.5592187500000001,0.56,-2.0,-2.0,-2.0,0.0,0.0,0.0,292.2669464479297,287.68827000581194,296.9194013102176,352.59275114375,345.9988314953125,359.633712840625,2158.891265625,2131.554421875,2185.50871875,56.0,56.0,56.0
0.05,530,64,372.2135977625,365.21140373125,379.0467029640625,0.0,0.0,0.0,0.45984375,0.45953125,0.46,-2.0,-2.0,-2.0,0.0,0.0,0.0,313.6052973870041,308.2852176207982,319.1375655230469,372.2135977625,365.3199757046875,379.0816587140625,1836.604265625,1813.583765625,1858.905375,46.0,46.0,46.0
0.05,540,64,396.1396729296875,389.132253059375,403.099456059375,0.0,0.0,0.0,0.36,0.36,0.36,-2.0,-2.0,-2.0,0.0,0.0,0.0,337.832266591875,332.48389476966145,343.7824476129774,396.1396729296875,389.03310903125,403.2501160046875,1491.296765625,1472.592609375,1510.000921875,36.0,36.0,36.0
0.05,550,64,427.219588309375,419.8845841453125,434.3769370328125,0.0,0.0,0.0,0.26,0.26,0.26,-2.0,-2.0,-2.0,0.0,0.0,0.0,371.57064326616586,365.6276094878005,377.85984828022833,427.219588309375,419.977798425,434.8707340671875,1109.30034375,1095.631921875,1122.249375,26.0,26.0,26.0
0.05,560,64,473.6215344546875,465.7670944921875,482.3973485265625,0.0,0.0,0.0,0.16,0.16,0.16,-2.0,-2.0,-2.0,0.0,0.0,0.0,419.3948679030273,411.9935632641602,427.21855416591796,473.6215344546875,465.8206759171875,481.998679121875,707.880375,698.528296875,715.793671875,16.0,16.0,16.0
0.05,570,64,571.265631778125,558.6952682453125,582.84983741875,0.0,0.0,0.0,0.06,0.06,0.06,-2.0,-2.0,-2.0,0.0,0.0,0.0,512.6348323875,499.35960335885414,525.9758017979167,571.265631778125,560.0337201546874,582.0231398265626,274.80721875,272.649046875,276.246,6.0,6.0,6.0
0.05,576,64,811.39016481875,785.5723956671875,835.0024680296875,0.0,0.0,0.0,0.0,0.0,0.0,-inf,-inf,-inf,0.0,0.0,0.0,0.0,0.0,0.0,0.0,0.0,0.0,0.0,0.0,0.0,0.0,0.0,0.0
0.15,0,64,0.0,0.0,0.0,21.640625,20.546875,22.796875,216.40625,205.78125,227.1875,1.0,1.0,1.0,0.0,0.0,0.0,0.0,0.0,0.0,0.0,0.0,0.0,6629.904,6629.904,6629.904,288.0,288.0,288.0
0.15,10,64,0.0643444550753125,0.057287803344375,0.072037235429375,11.65625,10.578125,12.765625,116.96953125,105.25046875,128.37859375,-1.3454729637974516,-1.3986072447053137,-1.2939665324660803,1.2071334924506705,1.1657453484948157,1.2476229181902694,0.06326197679566435,0.05575582406376371,0.07127688532724087,0.0643444550753125,0.0567500265590625,0.07248767550703125,6629.904,6629.904,6629.904,288.046875,288.0,288.140625
0.15,20,64,2.0630389752432814,1.24578316595875,2.974486983976719,2.90625,2.15625,3.6875,29.79828125,21.98578125,37.60234375,-1.889805639131686,-1.9183773662625276,-1.860113678111921,0.4247883415852436,0.3413699069901574,0.5121507256954748,2.018281103713196,1.1776289623874274,2.901975960046455,2.0630389752432814,1.2252495725884376,3.014333501483125,6629.904,6629.904,6629.904,289.359375,288.65625,290.21875
0.15,30,64,9.718289815484376,8.200341992514062,11.357058985501563,0.046875,0.0,0.125,1.43453125,0.96046875,2.2115625,-1.998589015151515,-2.0,-1.9962405303030304,0.011249760860138099,0.0,0.030937260860138097,9.335548116919334,7.779127244301019,11.019988765087971,9.718289815484376,8.165183096085938,11.544869875275,6629.904,6629.904,6629.904,295.625,294.21875,297.234375
0.15,40,64,18.976887482953124,17.103075150875,20.850700747328126,0.0,0.0,0.0,1.14828125,1.1303125,1.165,-2.0,-2.0,-2.0,0.0,0.0,0.0,17.751482360922207,16.052123902678748,19.591688048770347,18.976887482953124,17.080350921015626,20.901024670734376,6629.184609375,6627.745828125,6629.904,304.9375,303.25,306.71875
0.15,50,64,27.021506896265624,25.057103601140625,29.27173475609375,0.0,0.0,0.0,1.31046875,1.2934375,1.3275000000000001,-2.0,-2.0,-2.0,0.0,0.0,0.0,24.568309332609296,22.651660729615887,26.505771275199596,27.021506896265624,24.897033145828125,29.250886390625,6628.4652187500005,6626.307046875,6629.904,313.9375,312.03125,315.921875
0.15,60,64,34.2124269434375,31.9819519296875,36.4190086684375,0.0,0.0,0.0,1.44515625,1.42828125,1.46109375,-2.0,-2.0,-2.0,0.0,0.0,0.0,30.377388213679932,28.553369262799933,32.37247965271508,34.2124269434375,32.05248762875,36.49155150921875,6626.307046875,6622.710093750001,6629.184609375,320.9375,318.96875,322.890625
0.15,70,64,40.67843594609375,38.39536417359375,43.04456363328125,0.0,0.0,0.0,1.57484375,1.55734375,1.59328125,-2.0,-2.0,-2.0,0.0,0.0,0.0,35.30499718195609,33.412743112286435,37.26609256625602,40.67843594609375,38.44648461046875,43.17079257625,6621.2713125,6616.95496875,6625.587656250001,327.515625,325.453125,329.53125
0.15,80,64,46.6104282246875,44.27123521234375,48.96556076578125,0.0,0.0,0.0,1.69,1.67046875,1.709375,-2.0,-2.0,-2.0,0.0,0.0,0.0,39.726338337402225,37.84328013268104,41.6871346282519,46.6104282246875,44.233453606875,49.038894805,6616.235578125001,6610.480453125,6621.990703125,332.53125,330.515625,334.671875
0.15,90,64,52.15537340109375,49.7696294321875,54.6338929275,0.0,0.0,0.0,1.7971875,1.77625,1.8178125,-2.0,-2.0,-2.0,0.0,0.0,0.0,43.683963524797434,41.79622070521408,45.54884728397779,52.15537340109375,49.946551334375,54.5361094471875,6609.041671875,6601.128375,6616.235578125001,337.265625,335.171875,339.359375
0.15,100,64,57.7199969690625,55.2676184215625,60.18484682484375,0.0,0.0,0.0,1.88625,1.86375,1.91,-2.0,-2.0,-2.0,0.0,0.0,0.0,47.7065935740216,45.73095982759113,49.68989297691793,57.7199969690625,55.3453615878125,60.32572067625,6592.495687500001,6582.42421875,6602.56715625,340.09375,337.90625,342.1875
0.15,110,64,62.97039200828125,60.608504385625,65.4346616078125,0.0,0.0,0.0,1.974375,1.9509375,1.9984375,-2.0,-2.0,-2.0,0.0,0.0,0.0,51.41613025174957,49.52639573841787,53.36019768424854,62.97039200828125,60.5488547771875,65.48873017671875,6580.266046875,6570.194578125001,6591.05690625,342.3125,340.4375,344.34375
0.15,120,64,68.14954567640625,65.60558596515625,70.54345201109375,0.0,0.0,0.0,2.058125,2.0324999999999998,2.0825,-2.0,-2.0,-2.0,0.0,0.0,0.0,55.13597727757125,53.256891166912276,57.19295240591093,68.14954567640625,65.52285866609375,70.85527530609374,6562.281281250001,6550.77103125,6573.79153125,343.109375,341.046875,345.1875
0.15,130,64,72.93959879109374,70.53895254843749,75.37047226765625,0.0,0.0,0.0,2.126875,2.10015625,2.1546875,-2.0,-2.0,-2.0,0.0,0.0,0.0,58.395130184268645,56.48632846515744,60.27763161311826,72.93959879109374,70.34145773296875,75.49895281046875,6545.735296875,6531.347484375,6557.9649375,343.859375,341.84375,345.90625
0.15,140,64,77.6990155753125,75.15074656234376,80.2854956134375,0.0,0.0,0.0,2.19578125,2.16875,2.22265625,-2.0,-2.0,-2.0,0.0,0.0,0.0,61.67575452778644,59.806326358632745,63.6166332905527,77.6990155753125,75.292881500625,80.30343917265625,6527.031140625,6513.36271875,6539.980171875,344.140625,341.96875,346.34375
0.15,150,64,82.48313991375,80.02821055140625,85.2460349509375,0.0,0.0,0.0,2.2517187499999998,2.22390625,2.2790624999999998,-2.0,-2.0,-2.0,0.0,0.0,0.0,65.04196912598476,63.12366355850887,67.00280863855482,82.48313991375,80.099888753125,85.3165724025,6506.1688125,6491.781,6521.276015625,343.21875,341.109375,345.328125
0.15,160,64,87.148949935,84.64594667578125,89.67893268125,0.0,0.0,0.0,2.29703125,2.26890625,2.32578125,-2.0,-2.0,-2.0,0.0,0.0,0.0,68.37668639152173,66.5089298719416,70.23435040943885,87.148949935,84.57772661640625,89.77036103578125,6487.46465625,6470.918671875,6503.29125,341.359375,339.34375,343.53125
0.15,170,64,91.34976113296875,88.68313399265625,93.93056993890625,0.0,0.0,0.0,2.341875,2.3159375,2.37,-2.0,-2.0,-2.0,0.0,0.0,0.0,71.19608226441783,69.17374692088661,73.20796767034187,91.34976113296875,88.636283449375,93.94272407078125,6461.56659375,6444.30121875,6479.551359375,339.265625,337.3125,341.203125
0.15,180,64,95.4292738028125,92.74240768765625,98.09565654265624,0.0,0.0,0.0,2.38421875,2.35734375,2.41171875,-2.0,-2.0,-2.0,0.0,0.0,0.0,73.93199016268012,71.91278489338589,76.01686312137633,95.4292738028125,92.669332604375,98.3087674775,6427.755234375,6409.77046875,6447.898171875,336.5625,334.578125,338.609375
0.15,190,64,99.66866608796875,97.16833439390625,102.30359404671874,0.0,0.0,0.0,2.41515625,2.38828125,2.44234375,-2.0,-2.0,-2.0,0.0,0.0,0.0,76.96025053248074,75.08383860170645,78.91445276284465,99.66866608796875,96.97753531234375,102.33150708234375,6401.13778125,6382.433625,6421.28071875,333.375,331.390625,335.375
0.15,200,64,103.66921055453125,100.98803027046876,106.3625172734375,0.0,0.0,0.0,2.4396875,2.410625,2.46953125,-2.0,-2.0,-2.0,0.0,0.0,0.0,79.73054175577043,77.70834856993106,81.72801249277225,103.66921055453125,101.11900515984375,106.43058141140625,6373.081546875,6351.499828125,6393.943875,329.546875,327.703125,331.40625
0.15,210,64,107.775302279375,105.1170320565625,110.75001523921875,0.0,0.0,0.0,2.463125,2.43390625,2.491875,-2.0,-2.0,-2.0,0.0,0.0,0.0,82.67313104863551,80.70702474654067,84.70530186858603,107.775302279375,104.9286813846875,110.5513186225,6338.550796875,6316.2496875,6362.2906875,325.515625,323.578125,327.46875
0.15,220,64,111.91733263890625,108.93957409109375,114.8510924878125,0.0,0.0,0.0,2.4775,2.4490625,2.508125,-2.0,-2.0,-2.0,0.0,0.0,0.0,85.65541905127968,83.60549532955031,87.8104519045707,111.91733263890625,109.114136215625,114.781187059375,6298.264921875,6273.08625,6321.285421875,320.96875,319.046875,322.921875
0.15,230,64,115.83412930796875,113.01844342375,118.7463005690625,0.0,0.0,0.0,2.47671875,2.4478125,2.50375,-2.0,-2.0,-2.0,0.0,0.0,0.0,88.64573767042202,86.64672109185565,90.74526729381076,115.83412930796875,112.9633786515625,118.73497192203125,6259.417828125,6233.519765625,6285.315890625,315.265625,313.375,317.15625
0.15,240,64,119.8792214640625,117.1604259890625,122.6817147125,0.0,0.0,0.0,2.46734375,2.439375,2.495,-2.0,-2.0,-2.0,0.0,0.0,0.0,91.77911801894592,89.67071818064449,93.83013463739117,119.8792214640625,117.2456060875,122.6468590671875,6211.938046875,6184.601203125,6240.713671875,308.984375,307.09375,310.734375
0.15,250,64,124.1546037640625,121.3333561734375,127.1139968765625,0.0,0.0,0.0,2.46359375,2.4392187499999998,2.48828125,-2.0,-2.0,-2.0,0.0,0.0,0.0,95.16137036432441,93.24432624329873,97.26981414700639,124.1546037640625,121.3852539078125,126.902589109375,6156.54496875,6125.611171875,6188.1981562500005,302.8125,301.015625,304.53125
0.15,260,64,128.18794835625,125.352259925,130.9642131296875,0.0,0.0,0.0,2.444375,2.42,2.46953125,-2.0,-2.0,-2.0,0.0,0.0,0.0,98.48481706144001,96.35961701070366,100.4912116527141,128.18794835625,125.47618098125,131.015624125,6110.50396875,6079.570171875,6142.15715625,295.84375,294.1875,297.328125
0.15,270,64,132.499125225,129.6395609328125,135.3313577390625,0.0,0.0,0.0,2.42140625,2.3984375,2.44328125,-2.0,-2.0,-2.0,0.0,0.0,0.0,101.9637554501219,99.84380147558119,104.12884935095424,132.499125225,129.6829788703125,135.3952288234375,6056.549671875,6027.05465625,6087.48346875,288.5,287.03125,289.953125
0.15,280,64,136.575164215625,133.6352439609375,139.7165951265625,0.0,0.0,0.0,2.3903125,2.37,2.41234375,-2.0,-2.0,-2.0,0.0,0.0,0.0,105.29120360699982,103.20253195925471,107.39563051547216,136.575164215625,133.729976421875,139.5389222796875,5998.27903125,5965.906453125,6032.80978125,281.03125,279.640625,282.390625
0.15,290,64,140.7566899234375,137.8430653390625,143.8595160375,0.0,0.0,0.0,2.3603125,2.34125,2.37984375,-2.0,-2.0,-2.0,0.0,0.0,0.0,108.85634693093483,106.73405851163525,111.01789721755515,140.7566899234375,137.8607117921875,143.78762695625,5937.85021875,5904.038859375,5972.38096875,273.5,272.34375,274.578125
0.15,300,64,144.858024165625,141.834619325,147.8788068578125,0.0,0.0,0.0,2.32765625,2.30890625,2.346875,-2.0,-2.0,-2.0,0.0,0.0,0.0,112.34000901768698,110.20942387243586,114.54460404535527,144.858024165625,141.86853264375,147.8897622078125,5866.630546875,5828.5028437500005,5903.31946875,265.546875,264.5,266.640625
0.15,310,64,149.36260279375,146.46095311875,152.508585934375,0.0,0.0,0.0,2.28859375,2.27015625,2.30671875,-2.0,-2.0,-2.0,0.0,0.0,0.0,116.15699302021831,113.9629089778449,118.32586461799004,149.36260279375,146.4590460140625,152.4881205265625,5798.2884375,5757.283171875,5839.293703125,257.671875,256.828125,258.484375
0.15,320,64,153.856330271875,150.9872578375,156.8124162546875,0.0,0.0,0.0,2.24484375,2.22609375,2.261875,-2.0,-2.0,-2.0,0.0,0.0,0.0,119.97709808384242,117.86714550561685,122.27948775266924,153.856330271875,150.8347069578125,156.8394421375,5712.680953125,5672.395078125,5754.405609375,249.390625,248.5625,250.171875
0.15,330,64,158.54893183281249,155.6976046078125,161.74443975937498,0.0,0.0,0.0,2.19125,2.17421875,2.2071875,-2.0,-2.0,-2.0,0.0,0.0,0.0,124.21625732946237,122.0231523300964,126.5613183137198,158.54893183281249,155.5582973203125,161.650449571875,5624.19590625,5578.874296875,5668.078734375,240.640625,239.921875,241.328125
0.15,340,64,163.11501211875,160.0708588328125,166.0324937234375,0.0,0.0,0.0,2.13484375,2.1203125,2.1509375,-2.0,-2.0,-2.0,0.0,0.0,0.0,128.28600659502828,125.87734593409952,130.62175269714336,163.11501211875,160.0466926671875,166.2624939203125,5522.0424375,5476.720828125,5566.64465625,231.796875,231.140625,232.40625
0.15,350,64,167.80039666875,164.69125565625,171.046448,0.0,0.0,0.0,2.0725,2.05875,2.08578125,-2.0,-2.0,-2.0,0.0,0.0,0.0,132.6450651612709,130.10752501735678,135.21559491524067,167.80039666875,164.710335184375,171.01127292500001,5428.52165625,5384.638828125,5476.0014375,222.8125,222.3125,223.328125
0.15,360,64,172.3733083296875,169.262842990625,175.4812571671875,0.0,0.0,0.0,2.0051562499999998,1.99375,2.01671875,-2.0,-2.0,-2.0,0.0,0.0,0.0,136.8846238940036,134.48854470936755,139.45443206332476,172.3733083296875,169.2708173140625,175.5553172859375,5340.756,5296.873171875,5388.23578125,213.578125,213.140625,214.015625
0.15,370,64,177.61743551875,174.5111249,181.08959759375,0.0,0.0,0.0,1.93484375,1.925,1.9440625,-2.0,-2.0,-2.0,0.0,0.0,0.0,141.85625734968374,139.17651024856508,144.42405360144423,177.61743551875,174.3856677015625,180.905665840625,5224.21471875,5178.17371875,5270.25571875,204.21875,203.796875,204.578125
0.15,380,64,182.821318646875,179.5607447640625,186.1042286484375,0.0,0.0,0.0,1.8571875,1.8484375,1.86640625,-2.0,-2.0,-2.0,0.0,0.0,0.0,146.73382966208484,144.11577638829706,149.38119146766894,182.821318646875,179.7160769109375,185.99589833125,5103.35709375,5060.913046875,5147.9593125,194.71875,194.359375,195.03125
0.15,390,64,188.3455975984375,184.9312481109375,191.717311515625,0.0,0.0,0.0,1.78015625,1.77171875,1.7884375000000001,-2.0,-2.0,-2.0,0.0,0.0,0.0,152.07166225756612,149.39577051278982,154.62547467300686,188.3455975984375,185.136732096875,191.8353841171875,4968.831046875,4924.228828125,5010.555703125,185.0,184.71875,185.28125
0.15,400,64,194.3599994046875,190.936591871875,197.572058228125,0.0,0.0,0.0,1.69703125,1.689375,1.70453125,-2.0,-2.0,-2.0,0.0,0.0,0.0,157.8639781977971,155.21460539512054,160.62715350428502,194.3599994046875,191.097729909375,197.7001865921875,4840.7795156249995,4796.177296875,4886.101125,175.25,174.984375,175.5
0.15,410,64,200.628722509375,197.193895415625,204.10640756875,0.0,0.0,0.0,1.61234375,1.6059375,1.61890625,-2.0,-2.0,-2.0,0.0,0.0,0.0,163.97656201478702,161.1978966584974,166.9606668447872,200.628722509375,197.0652902453125,203.920918453125,4706.25346875,4664.5288125,4749.4169062500005,165.5625,165.359375,165.734375
0.15,420,64,207.0153021375,203.60220858125,210.5065684921875,0.0,0.0,0.0,1.52390625,1.51875,1.5290625,-2.0,-2.0,-2.0,0.0,0.0,0.0,170.5988117785896,167.64850845905,173.480436233261,207.0153021375,203.60160891875,210.48404726875,4551.584484375,4508.421046875,4591.870359375,155.703125,155.53125,155.84375
0.15,430,64,214.05590585625,210.5769383875,217.3832841234375,0.0,0.0,0.0,1.4342187499999999,1.4298437499999999,1.43859375,-2.0,-2.0,-2.0,0.0,0.0,0.0,177.56018390964235,174.7075037133267,180.551026101337,214.05590585625,210.4450598015625,217.702418753125,4370.298046875,4327.134609375,4415.61965625,145.78125,145.640625,145.90625
0.15,440,64,221.0771427359375,217.6480489140625,224.7330996328125,0.0,0.0,0.0,1.34203125,1.33828125,1.34546875,-2.0,-2.0,-2.0,0.0,0.0,0.0,184.24687320524757,181.28199386648592,187.3630382517412,221.0771427359375,217.51683593125,224.77080223125,4190.450390625,4150.88390625,4234.33321875,135.859375,135.75,135.953125
0.15,450,64,228.7926202671875,225.2662522296875,232.735369121875,0.0,0.0,0.0,1.2475,1.2446875,1.2503125,-2.0,-2.0,-2.0,0.0,0.0,0.0,192.25050457833706,189.12592794479673,195.5490227144182,228.7926202671875,225.2202079921875,232.3842594515625,3989.021015625,3953.051484375,4027.868109375,125.921875,125.84375,125.984375
0.15,460,64,237.200414875,233.6748659375,240.9392911203125,0.0,0.0,0.0,1.1512499999999999,1.14890625,1.1532812499999998,-2.0,-2.0,-2.0,0.0,0.0,0.0,200.5335394602409,197.448355715317,203.65954630225983,237.200414875,233.502697653125,240.8628651765625,3771.04565625,3730.75978125,3810.612140625,115.953125,115.890625,116.0
0.15,470,64,245.369431159375,241.738912140625,248.9690858203125,0.0,0.0,0.0,1.05484375,1.05296875,1.0565625,-2.0,-2.0,-2.0,0.0,0.0,0.0,208.88487085796163,205.79595365472898,212.04565709992272,245.369431159375,241.8015124984375,249.257753971875,3550.912125,3511.345640625,3591.198,105.96875,105.921875,106.0
0.15,480,64,255.583068734375,251.60133870781252,259.5061341421875,0.0,0.0,0.0,0.95703125,0.955625,0.95828125,-2.0,-2.0,-2.0,0.0,0.0,0.0,218.82883651224483,215.66910470146556,222.15447134688787,255.583068734375,251.6750532578125,259.6979926203125,3307.75809375,3269.630390625,3345.885796875,95.96875,95.921875,96.0
0.15,490,64,267.2761851609375,263.410252,271.146436925,0.0,0.0,0.0,0.8584375,0.85734375,0.859375,-2.0,-2.0,-2.0,0.0,0.0,0.0,230.62213644247467,227.5256052233051,233.79163127858854,267.2761851609375,263.4196450015625,271.3732382671875,3045.89990625,3008.49159375,3081.150046875,85.984375,85.953125,86.0
0.15,500,64,279.9574106671875,276.207703559375,284.08328166875,0.0,0.0,0.0,0.7584375,0.75734375,0.759375,-2.0,-2.0,-2.0,0.0,0.0,0.0,243.48847590562806,240.2505445880736,246.69397856207442,279.9574106671875,276.21497885625,283.8640991546875,2784.04171875,2748.791578125,2821.45003125,75.984375,75.953125,76.0
0.15,510,64,293.020670771875,289.1797954265625,297.1317808375,0.0,0.0,0.0,0.65953125,0.65890625,0.66,-2.0,-2.0,-2.0,0.0,0.0,0.0,256.71636644827345,253.3780259854214,260.2758686235393,293.020670771875,288.9775297921875,297.513433246875,2485.494609375,2456.7189843749998,2515.709015625,66.0,66.0,66.0
0.15,520,64,308.6392902609375,304.3261977140625,313.186391503125,0.0,0.0,0.0,0.5596875,0.5592187500000001,0.56,-2.0,-2.0,-2.0,0.0,0.0,0.0,272.2375028228069,268.2362321041155,276.21401855630023,308.6392902609375,304.2899083578125,312.977470596875,2175.43725,2154.5749218749997,2197.01896875,56.0,56.0,56.0
0.15,530,64,328.0186461171875,323.5744477875,333.00399275,0.0,0.0,0.0,0.46,0.46,0.46,-2.0,-2.0,-2.0,0.0,0.0,0.0,291.32373757995583,286.95965666294836,295.7373915969803,328.0186461171875,323.6664890796875,332.8165042046875,1848.114515625,1824.374625,1869.6962343750001,46.0,46.0,46.0
0.15,540,64,353.215961515625,348.0457887625,358.50162255625,0.0,0.0,0.0,0.36,0.36,0.36,-2.0,-2.0,-2.0,0.0,0.0,0.0,316.4210466120399,311.8110215132856,321.21727613980903,353.215961515625,348.019927865625,358.24191628125,1492.735546875,1470.4344375,1513.597875,36.0,36.0,36.0
0.15,550,64,385.519058571875,380.071897575,390.7859843078125,0.0,0.0,0.0,0.26,0.26,0.26,-2.0,-2.0,-2.0,0.0,0.0,0.0,348.7674406079327,343.87096110745193,353.9098281329928,385.519058571875,380.2587068421875,390.6342155125,1107.142171875,1091.315578125,1121.529984375,26.0,26.0,26.0
0.15,560,64,434.1055927734375,427.9532082125,440.5813771125,0.0,0.0,0.0,0.16,0.16,0.16,-2.0,-2.0,-2.0,0.0,0.0,0.0,396.06590843261716,389.8563256245117,402.605613509375,434.1055927734375,427.7032154875,440.420294053125,698.528296875,688.456828125,707.880375,16.0,16.0,16.0
0.15,570,64,522.4335132296875,512.2031006,532.4479035375,0.0,0.0,0.0,0.06,0.06,0.06,-2.0,-2.0,-2.0,0.0,0.0,0.0,481.87224628984376,472.1311691341146,492.6684244890625,521.31288494375,511.5544627359375,531.476365415625,271.92965625,268.33270312499997,274.80721875,6.0,6.0,6.0
0.15,576,64,742.5391145078125,714.0531329234375,778.0910299484375,0.0,0.0,0.0,0.0,0.0,0.0,-inf,-inf,-inf,0.0,0.0,0.0,0.0,0.0,0.0,0.0,0.0,0.0,0.0,0.0,0.0,0.0,0.0,0.0
0.25,0,64,0.0,0.0,0.0,36.78125,35.46875,38.125,367.8125,354.6875,381.09375,1.0,1.0,1.0,0.0,0.0,0.0,0.0,0.0,0.0,0.0,0.0,0.0,6629.904,6629.904,6629.904,288.0,288.0,288.0
0.25,10,64,0.03500924588921875,0.0318937618225,0.03834861625421875,26.796875,25.421875,28.21875,268.33890625,254.589375,282.24078125,-0.7478837073875526,-0.7990371638589678,-0.7022654425250601,1.4663202104447466,1.4563385156992048,1.4758922433332828,0.03437938943957375,0.031278803924024795,0.03776110487299321,0.03500924588921875,0.0317099646971875,0.03839939565359375,6629.904,6629.904,6629.904,288.0,288.0,288.0
0.25,20,64,0.0820921533890625,0.073969345139375,0.09228686801609375,16.8125,15.546875,18.125,168.80640625,155.53421875,181.91921875,-1.411177876761902,-1.4539033379517876,-1.369203996687884,1.1702159131414482,1.1369808885650954,1.2026704539305484,0.07943624010573958,0.07164699962633032,0.08922968978260827,0.0820921533890625,0.0736383535865625,0.09131269862281251,6629.904,6629.904,6629.904,288.0,288.0,288.0
0.25,30,64,0.42268742967828127,0.23820215234703127,0.6690375441029688,7.15625,5.984375,8.40625,72.5103125,60.00953125,84.23234375,-1.792275412071001,-1.8285914452163665,-1.756845356755995,0.6764562532430076,0.5952487104870171,0.7508022030858541,0.4130858707819863,0.2347911431957195,0.6593198489709038,0.42268742967828127,0.23839893934078124,0.6859725462695312,6629.904,6629.904,6629.904,288.15625,288.0,288.34375
0.25,40,64,4.0404716333906245,3.0559525776515626,5.144306678829688,1.140625,0.65625,1.6875,12.5559375,7.8725000000000005,18.01984375,-1.9707469010198344,-1.9826731417521648,-1.9574205322310783,0.15741671238161611,0.10052479537906397,0.2188909963905289,3.9119172350116584,2.919623514089527,4.959837674826783,4.0404716333906245,2.987099297290625,5.111090474051562,6629.904,6629.904,6629.904,291.671875,290.578125,292.828125
0.25,50,64,11.424349774759374,9.96153892236875,12.9262892036875,0.0,0.0,0.0,1.3090625,1.2971875,1.32234375,-2.0,-2.0,-2.0,0.0,0.0,0.0,10.817496635940046,9.434595563318958,12.180200247738389,11.424349774759374,10.024819627789062,12.897148337782813,6629.904,6629.904,6629.904,299.96875,298.375,301.65625
0.25,60,64,19.375739642921875,17.73372790475,21.082575909109377,0.0,0.0,0.0,1.4453125,1.42859375,1.4625,-2.0,-2.0,-2.0,0.0,0.0,0.0,17.955382895679104,16.465323933637986,19.478492139625846,19.375739642921875,17.764741464,21.090870713921873,6629.184609375,6627.745828125,6629.904,308.234375,306.328125,310.09375
0.25,70,64,25.92269030140625,24.18407871546875,27.6834070675,0.0,0.0,0.0,1.57078125,1.5521875,1.59046875,-2.0,-2.0,-2.0,0.0,0.0,0.0,23.346525758836474,21.855575042889726,24.826435753486134,25.92269030140625,24.194238863125,27.696462719375,6624.868265625,6620.5519218750005,6628.4652187500005,316.40625,314.53125,318.421875
0.25,80,64,31.8370091209375,30.17291858984375,33.5737136746875,0.0,0.0,0.0,1.68625,1.6653125,1.70921875,-2.0,-2.0,-2.0,0.0,0.0,0.0,27.96513023707424,26.489305559468036,29.465686518203757,31.8370091209375,30.071783620625,33.540367874375,6621.2713125,6615.5161875,6626.307046875,323.546875,321.46875,325.671875
0.25,90,64,37.704351699375,35.71507121546875,39.675444469375,0.0,0.0,0.0,1.7979687500000001,1.77375,1.82171875,-2.0,-2.0,-2.0,0.0,0.0,0.0,32.48274165130918,30.7790726595619,34.143269633704804,37.704351699375,35.73019060015625,39.73349848609375,6614.07740625,6606.164109375,6620.5519218750005,329.4375,327.265625,331.546875
0.25,100,64,43.337259740625,41.2216318325,45.4311181246875,0.0,0.0,0.0,1.89375,1.86796875,1.92125,-2.0,-2.0,-2.0,0.0,0.0,0.0,36.6815776902594,35.040627862506625,38.40172981282199,43.337259740625,41.2776340625,45.42370959296875,6604.7253281250005,6595.373250000001,6613.358015625,334.46875,332.296875,336.6875
0.25,110,64,48.53453104171875,46.559467071875,50.54019702828125,0.0,0.0,0.0,1.97265625,1.94296875,2.00203125,-2.0,-2.0,-2.0,0.0,0.0,0.0,40.54091607480272,38.977555490588756,42.219551207608056,48.53453104171875,46.5434170140625,50.6545170909375,6599.68959375,6590.337515625,6609.041671875,337.53125,335.28125,339.75
0.25,120,64,53.3851393765625,51.30515579328125,55.37931210984375,0.0,0.0,0.0,2.04421875,2.0134375,2.07390625,-2.0,-2.0,-2.0,0.0,0.0,0.0,43.98344083197855,42.26514085879177,45.702590694361646,53.3851393765625,51.44193652703125,55.446193659375,6593.215078125,6583.863,6602.56715625,340.359375,338.1875,342.53125
0.25,130,64,58.13411917078125,56.14428099671875,60.1513888403125,0.0,0.0,0.0,2.1165625,2.08609375,2.14640625,-2.0,-2.0,-2.0,0.0,0.0,0.0,47.30699027340509,45.8006085426542,48.843306755041375,58.13411917078125,56.20668345875,60.0500952134375,6583.143609375,6571.6333593750005,6594.653859375,342.21875,340.0625,344.203125
0.25,140,64,62.811296306562504,60.727145109843754,64.83174669515626,0.0,0.0,0.0,2.17484375,2.1434375,2.20515625,-2.0,-2.0,-2.0,0.0,0.0,0.0,50.64020232369697,49.04638585348123,52.25584874771037,62.811296306562504,60.727684873437504,64.8487640953125,6573.072140625,6558.684328125,6584.582390625001,342.71875,340.5625,344.875
0.25,150,64,67.36425460156251,65.18885720859375,69.3925997790625,0.0,0.0,0.0,2.23171875,2.20296875,2.259375,-2.0,-2.0,-2.0,0.0,0.0,0.0,53.852481537591885,52.17933280095106,55.48592528662818,67.36425460156251,65.19622717203126,69.52574676500001,6558.684328125,6544.296515625,6572.35275,342.59375,340.53125,344.546875
0.25,160,64,71.6088248590625,69.357615545625,73.81487041875,0.0,0.0,0.0,2.2803125,2.251875,2.30921875,-2.0,-2.0,-2.0,0.0,0.0,0.0,56.8385649238338,55.16611386671164,58.54207960318297,71.6088248590625,69.30546622078126,73.73564818578124,6542.13834375,6528.469921875,6555.8067656250005,341.515625,339.484375,343.515625
0.25,170,64,76.136092634375,73.92413972390625,78.4829676303125,0.0,0.0,0.0,2.3121875,2.28515625,2.34109375,-2.0,-2.0,-2.0,0.0,0.0,0.0,60.225795529634496,58.40918819313262,61.958334670355306,76.136092634375,73.95300477703125,78.3741953946875,6515.520890625,6498.255515625,6531.347484375,339.546875,337.515625,341.578125
0.25,180,64,80.32435055875,78.10370972718749,82.5514051259375,0.0,0.0,0.0,2.3478125,2.318125,2.378125,-2.0,-2.0,-2.0,0.0,0.0,0.0,63.24743579157943,61.48162875507894,65.11735214527513,80.32435055875,77.988182061875,82.54777870046875,6496.816734375,6478.83196875,6514.082109375,337.46875,335.453125,339.359375
0.25,190,64,84.44477950890625,82.0553265628125,86.7020154546875,0.0,0.0,0.0,2.37890625,2.34875,2.4078125,-2.0,-2.0,-2.0,0.0,0.0,0.0,66.22902689734805,64.43545585489566,67.97567088610069,84.44477950890625,82.08858886375,86.7119665878125,6470.19928125,6450.05634375,6491.061609375,334.640625,332.84375,336.46875
0.25,200,64,88.6758461896875,86.21767719515626,90.9837460203125,0.0,0.0,0.0,2.39984375,2.37234375,2.43015625,-2.0,-2.0,-2.0,0.0,0.0,0.0,69.39253904169585,67.62077255455233,71.20521082761556,88.6758461896875,86.31867237484374,91.0392430359375,6436.387921875,6414.806203125,6456.530859375,330.71875,328.96875,332.46875
0.25,210,64,92.81544754265624,90.4464244446875,95.35364862640625,0.0,0.0,0.0,2.416875,2.38734375,2.44515625,-2.0,-2.0,-2.0,0.0,0.0,0.0,72.40237514084322,70.62888733933332,74.11630730580116,92.81544754265624,90.3296191065625,95.2794745740625,6399.699,6378.11728125,6421.28071875,326.515625,324.796875,328.15625
0.25,220,64,96.806082336875,94.3056463275,99.234639933125,0.0,0.0,0.0,2.4259375,2.39703125,2.45515625,-2.0,-2.0,-2.0,0.0,0.0,0.0,75.4941525250228,73.67370965348898,77.36662555309552,96.806082336875,94.33267204453125,99.44823759953125,6366.60703125,6345.744703125,6388.18875,321.1875,319.546875,322.828125
0.25,230,64,100.73112726875,98.30448535796874,103.12024424296875,0.0,0.0,0.0,2.436875,2.4071875,2.46515625,-2.0,-2.0,-2.0,0.0,0.0,0.0,78.44032898918216,76.63909564893453,80.21533450294679,100.73112726875,98.5098685353125,103.09732040703125,6323.44359375,6300.42309375,6346.46409375,316.078125,314.5,317.546875
0.25,240,64,104.8801374590625,102.41455003749999,107.3824714734375,0.0,0.0,0.0,2.435625,2.40703125,2.46390625,-2.0,-2.0,-2.0,0.0,0.0,0.0,81.7922137799268,79.86338151683624,83.59988227212939,104.8801374590625,102.31653530375,107.40918293484376,6277.40259375,6256.540265625,6298.9843125,309.71875,308.265625,311.09375
0.25,250,64,108.8947336165625,106.44943075359375,111.4407667646875,0.0,0.0,0.0,2.4278125,2.40109375,2.4540625,-2.0,-2.0,-2.0,0.0,0.0,0.0,84.92170016844959,83.19975216416229,86.74520868414004,108.8947336165625,106.34454771625,111.28027665375001,6227.04525,6205.46353125,6249.346359375,303.65625,302.28125,305.046875
0.25,260,64,113.15329112578125,110.62354660328126,115.68456928671876,0.0,0.0,0.0,2.4115625,2.385625,2.4375,-2.0,-2.0,-2.0,0.0,0.0,0.0,88.35117664731817,86.57563933321603,90.17587023237486,113.15329112578125,110.68081691609375,115.62141590953125,6174.529734375,6150.070453125,6199.70840625,297.25,296.046875,298.453125
0.25,270,64,117.23680415703126,114.645020378125,119.6647260515625,0.0,0.0,0.0,2.39125,2.3654687500000002,2.4162500000000002,-2.0,-2.0,-2.0,0.0,0.0,0.0,91.83645718168503,90.08875052524954,93.6370652527411,117.23680415703126,114.64149194375,119.81399034765626,6119.856046875,6095.396765625,6145.754109375,289.90625,288.71875,291.03125
0.25,280,64,121.368489059375,118.76603055625,123.9037333921875,0.0,0.0,0.0,2.36953125,2.345,2.3921875,-2.0,-2.0,-2.0,0.0,0.0,0.0,95.30995236346801,93.55195730963774,97.16335500484571,121.368489059375,118.8848981875,123.9539077234375,6064.46296875,6036.406734375,6091.080421875,282.4375,281.34375,283.5
0.25,290,64,125.53396494375001,122.994431321875,128.1391643578125,0.0,0.0,0.0,2.34046875,2.31796875,2.3625,-2.0,-2.0,-2.0,0.0,0.0,0.0,98.93550288134526,97.05088050667658,100.77128849027902,125.53396494375001,122.9609240203125,128.109476709375,6007.631109375,5978.13609375,6037.126125,274.78125,273.828125,275.703125
0.25,300,64,129.841864103125,127.1575212109375,132.3942687953125,0.0,0.0,0.0,2.308125,2.28765625,2.32859375,-2.0,-2.0,-2.0,0.0,0.0,0.0,102.5575253128586,100.83628767007357,104.33308028179725,129.841864103125,127.2192193609375,132.45693156875,5930.6563125,5900.44190625,5962.3095,266.796875,265.90625,267.59375
0.25,310,64,134.0905464875,131.551921825,136.70708880468752,0.0,0.0,0.0,2.2684375,2.2490625,2.2873437500000002,-2.0,-2.0,-2.0,0.0,0.0,0.0,106.28887329409089,104.2704519062284,108.32597364875245,134.0905464875,131.5029608734375,136.6904306546875,5860.15603125,5827.783453125,5892.528609375,258.421875,257.65625,259.140625
0.25,320,64,138.5429831609375,135.9652526203125,141.373873246875,0.0,0.0,0.0,2.22578125,2.208125,2.243125,-2.0,-2.0,-2.0,0.0,0.0,0.0,110.26938093534906,108.27151593696837,112.31882277340786,138.5429831609375,135.9321501703125,141.200211809375,5768.793421875,5732.1045,5805.48234375,249.6875,249.015625,250.453125
0.25,330,64,142.843885575,140.0678622203125,145.563925709375,0.0,0.0,0.0,2.1765625,2.16078125,2.19328125,-2.0,-2.0,-2.0,0.0,0.0,0.0,114.07265155803375,112.03247529521504,116.23407161900516,142.843885575,140.241968025,145.4827076671875,5679.588984375,5642.180671875,5716.997296875,241.0,240.375,241.609375
0.25,340,64,147.4054160328125,144.6937157296875,150.0229790375,0.0,0.0,0.0,2.1259375,2.11046875,2.1415625,-2.0,-2.0,-2.0,0.0,0.0,0.0,118.13246738817402,116.01602893109231,120.19455631920034,147.4054160328125,144.604681940625,150.09652915625,5594.700890625,5558.7313593750005,5629.951031250001,232.109375,231.515625,232.65625
0.25,350,64,152.1214365703125,149.22924203125,154.8515108140625,0.0,0.0,0.0,2.0628125,2.04734375,2.0775,-2.0,-2.0,-2.0,0.0,0.0,0.0,122.47274221951811,120.40767962636365,124.67174859861304,152.1214365703125,149.2705964953125,155.0558934734375,5502.618890625,5466.649359375,5537.86903125,222.9375,222.359375,223.4375
0.25,360,64,157.1173196140625,154.2630441421875,159.908272059375,0.0,0.0,0.0,2.0,1.98640625,2.013125,-2.0,-2.0,-2.0,0.0,0.0,0.0,127.16495165931305,124.9982262612642,129.32442834884625,157.1173196140625,154.2818943921875,159.83774123125,5397.587859375,5359.46015625,5432.838,213.609375,213.109375,214.078125
0.25,370,64,162.3020247234375,159.330726575,165.13826788125,0.0,0.0,0.0,1.93078125,1.918125,1.9425,-2.0,-2.0,-2.0,0.0,0.0,0.0,132.13387912273637,129.92235045254344,134.5775094812984,162.3020247234375,159.3879753765625,165.0958187140625,5284.64353125,5249.393390625,5319.893671875,204.125,203.703125,204.515625
0.25,380,64,167.177456075,164.2265702625,170.1165189203125,0.0,0.0,0.0,1.8548437500000001,1.844375,1.865625,-2.0,-2.0,-2.0,0.0,0.0,0.0,136.809879382945,134.48413730990873,139.0822754904611,167.177456075,164.3231751046875,170.0934203703125,5155.15321875,5117.025515625,5191.842140625,194.65625,194.328125,195.0
0.25,390,64,172.4997040234375,169.4373683734375,175.547193240625,0.0,0.0,0.0,1.7784375000000001,1.76921875,1.7875,-2.0,-2.0,-2.0,0.0,0.0,0.0,141.94109841305504,139.6615301150481,144.2044064847025,172.4997040234375,169.60828505625,175.3811879703125,5022.78534375,4983.93825,5060.19365625,185.140625,184.859375,185.390625
0.25,400,64,178.0888771015625,175.1560087625,181.031990309375,0.0,0.0,0.0,1.696875,1.6890625,1.70484375,-2.0,-2.0,-2.0,0.0,0.0,0.0,147.25031623830728,144.70229785563586,149.64089160337295,178.0888771015625,175.2435683078125,180.951119825,4878.90721875,4838.62134375,4917.034921875,175.34375,175.109375,175.5625
0.25,410,64,184.2368427921875,181.3508036734375,187.1601940546875,0.0,0.0,0.0,1.6109375,1.60421875,1.6171875,-2.0,-2.0,-2.0,0.0,0.0,0.0,153.21903622528157,150.7554134078014,155.77332464222906,184.2368427921875,181.23279528125,187.2505918484375,4715.605546875,4671.72271875,4761.646546875,165.5625,165.359375,165.734375
0.25,420,64,190.32838780937502,187.049365090625,193.4581224671875,0.0,0.0,0.0,1.524375,1.519375,1.5296875,-2.0,-2.0,-2.0,0.0,0.0,0.0,159.3016257374559,156.83885491671765,161.98052425393007,190.32838780937502,187.2387577765625,193.388572646875,4567.411078125,4522.808859375,4614.17146875,155.671875,155.5,155.8125
0.25,430,64,197.222547609375,194.0931601859375,200.3468095359375,0.0,0.0,0.0,1.4334375,1.4290625,1.4378125,-2.0,-2.0,-2.0,0.0,0.0,0.0,166.26179676271946,163.65276116676296,168.82014236028894,197.222547609375,194.28078214375,200.313355046875,4399.7930625,4353.7520625,4447.27284375,145.765625,145.640625,145.875
0.25,440,64,204.60221433125,201.4114593953125,207.70641942968751,0.0,0.0,0.0,1.3421875,1.3389062500000002,1.34546875,-2.0,-2.0,-2.0,0.0,0.0,0.0,173.5034539811141,171.00055116486084,176.17799099842236,204.60221433125,201.6246040125,207.76411616875,4209.8739375000005,4165.27171875,4254.47615625,135.890625,135.8125,135.953125
0.25,450,64,212.3782126546875,209.054350553125,215.6488375109375,0.0,0.0,0.0,1.24796875,1.24515625,1.250625,-2.0,-2.0,-2.0,0.0,0.0,0.0,180.9199659394888,178.1380306399957,183.76379024091426,212.3782126546875,209.0346457640625,215.589527596875,4022.112984375,3977.510765625,4063.837640625,125.90625,125.828125,125.96875
0.25,460,64,220.4256888875,217.1867580109375,223.82034445625,0.0,0.0,0.0,1.1521875,1.15,1.1542187499999998,-2.0,-2.0,-2.0,0.0,0.0,0.0,189.09487352678303,186.44875757213885,191.89211814502218,220.4256888875,217.0316754484375,223.7916644421875,3820.683609375,3778.2395625,3865.285828125,115.90625,115.828125,115.96875
0.25,470,64,229.162902659375,225.7717335359375,232.4776025078125,0.0,0.0,0.0,1.055625,1.05390625,1.05703125,-2.0,-2.0,-2.0,0.0,0.0,0.0,197.71854896756662,195.06223655318695,200.82790040331668,229.162902659375,225.750959034375,232.6198179734375,3578.968359375,3537.243703125,3625.0093593750003,105.953125,105.890625,106.0
0.25,480,64,238.683841053125,235.292193221875,242.1458534921875,0.0,0.0,0.0,0.95765625,0.95640625,0.95875,-2.0,-2.0,-2.0,0.0,0.0,0.0,207.15637445188605,204.32668274153255,210.21489727461702,238.683841053125,235.29912270937498,242.070656809375,3346.6051875,3309.916265625,3386.171671875,96.0,96.0,96.0
0.25,490,64,250.075393825,246.6012689890625,253.7564761671875,0.0,0.0,0.0,0.8585937499999999,0.8574999999999999,0.85953125,-2.0,-2.0,-2.0,0.0,0.0,0.0,218.898461124651,215.75815842759994,222.0365838285227,250.075393825,246.6201667921875,253.7748038421875,3084.747,3050.935640625,3118.5583593750002,86.0,86.0,86.0
0.25,500,64,262.3864088546875,258.7081708921875,265.7771102640625,0.0,0.0,0.0,0.7590625,0.758125,0.75984375,-2.0,-2.0,-2.0,0.0,0.0,0.0,231.1051291877385,227.93894362442433,234.372851610368,262.3864088546875,258.980003346875,265.92730341875,2811.3785625,2781.883546875,2839.434796875,76.0,76.0,76.0
0.25,510,64,276.378258228125,272.5075947125,280.140678746875,0.0,0.0,0.0,0.65953125,0.6587500000000001,0.66,-2.0,-2.0,-2.0,0.0,0.0,0.0,245.56064345180872,242.11410508327887,249.36154962072916,276.378258228125,272.7079130828125,280.2796579109375,2520.74475,2496.28546875,2545.923421875,66.0,66.0,66.0
0.25,520,64,292.11856510625,288.2048863171875,296.1163571828125,0.0,0.0,0.0,0.5598437500000001,0.55953125,0.56,-2.0,-2.0,-2.0,0.0,0.0,0.0,261.0087833348075,257.23820857695034,264.8641213501395,292.11856510625,288.0605385453125,296.3713028875,2200.615921875,2175.43725,2225.075203125,56.0,56.0,56.0
0.25,530,64,311.000264734375,306.6967553125,315.5020284359375,0.0,0.0,0.0,0.46,0.46,0.46,-2.0,-2.0,-2.0,0.0,0.0,0.0,280.50234413658626,276.5383711181012,284.54202344101225,311.000264734375,306.767494953125,315.719691875,1860.34415625,1838.043046875,1881.206484375,46.0,46.0,46.0
0.25,540,64,334.8189935703125,330.2799821484375,339.2239969921875,0.0,0.0,0.0,0.36,0.36,0.36,-2.0,-2.0,-2.0,0.0,0.0,0.0,304.9160957857682,301.1895976651953,308.8724143984896,334.8189935703125,330.386355190625,339.1779223671875,1510.000921875,1492.01615625,1528.705078125,36.0,36.0,36.0
0.25,550,64,365.9475120671875,360.69696935,371.141323440625,0.0,0.0,0.0,0.26,0.26,0.26,-2.0,-2.0,-2.0,0.0,0.0,0.0,335.4930099778245,330.7596542588942,340.2970766875601,365.9475120671875,360.756398253125,370.7426384,1122.968765625,1108.580953125,1136.6371875,26.0,26.0,26.0
0.25,560,64,413.5788189484375,407.934887359375,419.243063353125,0.0,0.0,0.0,0.16,0.16,0.16,-2.0,-2.0,-2.0,0.0,0.0,0.0,384.5965733788086,378.88353481855466,390.3797680418945,413.5788189484375,407.9708569984375,419.4512506578125,702.1252499999999,691.334390625,712.19671875,16.0,16.0,16.0
0.25,570,64,504.0948331953125,494.11880414375,514.3833199578125,0.0,0.0,0.0,0.06,0.06,0.06,-2.0,-2.0,-2.0,0.0,0.0,0.0,473.02424980104166,463.56196419791667,482.8712555247396,503.5306698171875,493.8246424265625,513.3202841484375,271.210265625,267.6133125,274.087828125,6.0,6.0,6.0
0.25,576,64,718.856381815625,688.952015990625,752.277644965625,0.0,0.0,0.0,0.0,0.0,0.0,-inf,-inf,-inf,0.0,0.0,0.0,0.0,0.0,0.0,0.0,0.0,0.0,0.0,0.0,0.0,0.0,0.0,0.0
0.5,0,64,0.0,0.0,0.0,71.484375,69.9375,72.9375,714.84375,700.3125,730.9375,1.0,1.0,1.0,0.0,0.0,0.0,0.0,0.0,0.0,0.0,0.0,0.0,6629.904,6629.904,6629.904,288.0,288.0,288.0
0.5,10,64,0.0148639038086875,0.01380253400628125,0.0159692097840625,61.484375,59.953125,62.984375,615.1265625,599.04484375,630.9070312499999,0.05113447444282515,0.021713356204977392,0.0796139049142933,1.3893206397459024,1.378383926813108,1.4000749056211426,0.014579715533226586,0.013558073196411334,0.01567359405546312,0.0148639038086875,0.013756913774640625,0.0159812032880625,6629.904,6629.904,6629.904,288.0,288.0,288.0
0.5,20,64,0.03154947907890625,0.03006135826296875,0.03311605667921875,51.5,49.96875,53.078125,515.5298437499999,499.9128125,530.37,-0.5249693976676941,-0.5563604609252482,-0.49280510958694074,1.4940721618606896,1.4918224248057739,1.495864794638379,0.030440750433448086,0.028919874241027987,0.031901715101123475,0.03154947907890625,0.03001720226546875,0.03312451333640625,6629.904,6629.904,6629.904,288.0,288.0,288.0
0.5,30,64,0.051901648860468746,0.0495055959159375,0.05444610508140625,41.5,39.953125,43.125,415.745625,400.12765625,431.3609375,-0.929580855749277,-0.9637907929339703,-0.8943490421490947,1.4290665080404843,1.417133015977579,1.439947449597514,0.04931705010200776,0.04693439110432956,0.05172452204877051,0.051901648860468746,0.0496116547525,0.05426914692203125,6629.904,6629.904,6629.904,288.0,288.0,288.0
0.5,40,64,0.08127290627125,0.07725661150390625,0.0856248111903125,31.53125,29.9375,33.09375,316.2471875,300.01453125,331.3928125,-1.24472259555371,-1.279787929097865,-1.2092628211690897,1.2908194968143512,1.2673911334662573,1.3107533485067475,0.0763356653513488,0.07244502422066301,0.08056826085070003,0.08127290627125,0.07721771832984375,0.08575186912999999,6629.904,6629.904,6629.904,288.046875,288.0,288.125
0.5,50,64,0.1208254192290625,0.113391380806875,0.12871137374546876,21.5625,20.125,23.0625,216.72640625,200.33625,231.86546875,-1.5100683940776392,-1.5450871792444951,-1.4740410043959302,1.0903232984419926,1.051003926971939,1.12342348375264,0.11236004282792986,0.1054263628974586,0.11958933888392792,0.1208254192290625,0.11366999813109376,0.1292122636934375,6629.904,6629.904,6629.904,288.09375,288.0,288.21875
0.5,60,64,0.2545640762221875,0.17994144239421875,0.37767189307578125,11.734375,10.203125,13.21875,118.58640625,102.98453125,133.265625,-1.7418223750831046,-1.7749063122928068,-1.710479991229721,0.7846304108413223,0.7152017755895755,0.8447334541761554,0.2390402093629284,0.16780673856047595,0.3648441660841061,0.2545640762221875,0.1815264245228125,0.384707075803125,6629.904,6629.904,6629.904,288.25,288.046875,288.53125
0.5,70,64,1.554350005340625,1.022244816125,2.2125535297,3.640625,2.703125,4.6875,37.77765625,27.9425,47.45640625,-1.921898262731574,-1.9421921168900256,-1.9005945136482945,0.34599831621605,0.270985767505711,0.4273746126717834,1.4992409928334374,0.9662261665721484,2.094173010003982,1.554350005340625,0.9928765862296876,2.20688350045625,6629.904,6629.904,6629.904,290.109375,289.25,291.125
0.5,80,64,5.93402662050625,4.80833791136875,7.150800891375,0.203125,0.0625,0.390625,3.51625,1.9715624999999999,5.38890625,-1.9957450813222408,-1.9987023758561644,-1.991797275471177,0.03345044783422888,0.010561069345573246,0.061884382077131594,5.651421836343817,4.682826878130119,6.7187110896026825,5.93402662050625,4.855314136821875,7.067501908729688,6629.184609375,6627.745828125,6629.904,296.140625,294.359375,297.9375
0.5,90,64,11.890744439515625,10.687193466484375,13.262646339859375,0.0,0.0,0.0,1.5753125000000001,1.5596875000000001,1.5921875,-2.0,-2.0,-2.0,0.0,0.0,0.0,11.123425296922647,9.962364506045889,12.297115443030618,11.890744439515625,10.641336670140625,13.19762273528125,6627.745828125,6624.868265625,6629.904,303.59375,301.796875,305.453125
0.5,100,64,17.968391244453127,16.7387438891875,19.237466600625,0.0,0.0,0.0,1.671875,1.653125,1.69140625,-2.0,-2.0,-2.0,0.0,0.0,0.0,16.399908549883687,15.313827869762575,17.512982739143926,17.968391244453127,16.717052731421877,19.242416395796877,6625.587656250001,6621.990703125,6628.4652187500005,311.765625,309.84375,313.578125
0.5,110,64,24.005813455625,22.7186095746875,25.3824733921875,0.0,0.0,0.0,1.7578125,1.73578125,1.78125,-2.0,-2.0,-2.0,0.0,0.0,0.0,21.504956930934373,20.429862354281127,22.643868976491753,24.005813455625,22.71191275390625,25.3192853403125,6619.83253125,6614.07740625,6624.868265625,317.921875,315.9375,319.953125
0.5,120,64,30.08389285890625,28.74391845796875,31.449118809375,0.0,0.0,0.0,1.83125,1.80875,1.85390625,-2.0,-2.0,-2.0,0.0,0.0,0.0,26.521338190667183,25.356007457912394,27.70749481805909,30.08389285890625,28.74892495296875,31.49036283171875,6616.95496875,6609.761062500001,6622.710093750001,322.9375,321.109375,324.953125
0.5,130,64,35.6613293071875,34.21481777625,37.2188925946875,0.0,0.0,0.0,1.90953125,1.8865625,1.93390625,-2.0,-2.0,-2.0,0.0,0.0,0.0,30.916686405574495,29.696768370200875,32.18143607148687,35.6613293071875,34.189702460625,37.18714767140625,6601.847765625001,6592.495687500001,6610.480453125,327.28125,325.421875,329.25
0.5,140,64,41.0614265396875,39.56822057640625,42.60905857046875,0.0,0.0,0.0,1.97828125,1.95390625,2.00296875,-2.0,-2.0,-2.0,0.0,0.0,0.0,35.09602999600482,33.94260428888309,36.32845577312127,41.0614265396875,39.64745911953125,42.57177921578125,6593.215078125,6583.863,6602.56715625,330.546875,328.75,332.4375
0.5,150,64,46.129619135,44.618975373125004,47.76238976203125,0.0,0.0,0.0,2.04265625,2.0128125,2.07125,-2.0,-2.0,-2.0,0.0,0.0,0.0,38.899718804526486,37.68031727965156,40.185488104740756,46.129619135,44.54408039859375,47.7402965825,6578.107875000001,6566.597625,6588.8987343750005,332.859375,330.859375,334.90625
0.5,160,64,50.46068203125,48.88829937453125,52.09663459828125,0.0,0.0,0.0,2.10140625,2.073125,2.13078125,-2.0,-2.0,-2.0,0.0,0.0,0.0,42.011233743467045,40.79098227420616,43.32749049733618,50.46068203125,48.8820150909375,52.0829216515625,6563.7200625000005,6550.051640625,6577.388484375,334.09375,332.21875,336.03125
0.5,170,64,55.03287414953125,53.472251852968746,56.5750055915625,0.0,0.0,0.0,2.1540625,2.12484375,2.18359375,-2.0,-2.0,-2.0,0.0,0.0,0.0,45.44728144238133,44.2071626852698,46.7266617976037,55.03287414953125,53.46147789390625,56.71822853625,6546.454687500001,6533.50565625,6559.40371875,334.0625,332.28125,335.859375
0.5,180,64,59.55576825734375,57.985905738281254,61.26094110515625,0.0,0.0,0.0,2.1978125,2.16890625,2.228125,-2.0,-2.0,-2.0,0.0,0.0,0.0,48.88074544339304,47.62922140608635,50.18735688481552,59.55576825734375,57.938298737031246,61.27056159828125,6528.469921875,6514.8015,6541.418953125,332.90625,331.1875,334.71875
0.5,190,64,64.0052639871875,62.329969244375,65.79087052921875,0.0,0.0,0.0,2.2371875,2.21078125,2.264375,-2.0,-2.0,-2.0,0.0,0.0,0.0,52.308001886473306,50.97690980417831,53.59927812469713,64.0052639871875,62.317438310625,65.65410856625,6499.694296875,6484.58709375,6514.8015000000005,330.59375,328.828125,332.34375
0.5,200,64,68.477160834375,66.72331365375,70.25700237328125,0.0,0.0,0.0,2.2734375,2.246875,2.30109375,-2.0,-2.0,-2.0,0.0,0.0,0.0,55.76567264918766,54.249515173784545,57.16215083479022,68.477160834375,66.58661576671875,70.24484307765626,6472.357453125,6455.092078125,6489.622828125,327.9375,326.40625,329.640625
0.5,210,64,72.89945497671874,71.12627019421875,74.71007568625,0.0,0.0,0.0,2.29375,2.2659375,2.31953125,-2.0,-2.0,-2.0,0.0,0.0,0.0,59.26892752493682,57.843684368325256,60.8247883661241,72.89945497671874,70.9907313725,74.71971831125,6445.74,6426.316453125,6465.163546875,324.1875,322.625,325.75
0.5,220,64,77.2642677571875,75.54002253265625,79.084996356875,0.0,0.0,0.0,2.31015625,2.2821875,2.3378125,-2.0,-2.0,-2.0,0.0,0.0,0.0,62.71279951025191,61.31765704621311,64.16929591407015,77.2642677571875,75.4319055428125,79.07529613515625,6409.051078125,6386.74996875,6431.3521875,319.78125,318.265625,321.234375
0.5,230,64,81.74383049078125,79.98409977265625,83.57718648125,0.0,0.0,0.0,2.324375,2.298125,2.35015625,-2.0,-2.0,-2.0,0.0,0.0,0.0,66.37014719328786,65.01401446160651,67.7289786927416,81.74383049078125,80.01641733171876,83.52935783796875,6365.16825,6342.14775,6389.62753125,314.515625,313.125,315.890625
0.5,240,64,85.93371766921875,84.11569679203124,87.76938163734374,0.0,0.0,0.0,2.3359375,2.30953125,2.3615625000000002,-2.0,-2.0,-2.0,0.0,0.0,0.0,69.66189018973499,68.26435245620007,70.95962872313898,85.93371766921875,84.10909302234374,87.723857690625,6329.19871875,6304.020046875,6355.09678125,309.46875,308.171875,310.796875
0.5,250,64,90.22872851390625,88.42692115625,92.01965350734375,0.0,0.0,0.0,2.33453125,2.31171875,2.36,-2.0,-2.0,-2.0,0.0,0.0,0.0,73.14920112608759,71.66446667538081,74.54514683066267,90.22872851390625,88.45279770375,92.0038363815625,6290.351625,6265.89234375,6314.091515625,303.65625,302.453125,304.890625
0.5,260,64,94.68386115421875,93.03596434578125,96.2627629596875,0.0,0.0,0.0,2.33984375,2.314375,2.3653125,-2.0,-2.0,-2.0,0.0,0.0,0.0,76.8419136605221,75.50139014223447,78.16493788565633,94.68386115421875,93.05095762859375,96.375962179375,6239.274890625,6214.09621875,6266.611734375,297.375,296.140625,298.640625
0.5,270,64,98.94743203171875,97.1944671884375,100.70268255484375,0.0,0.0,0.0,2.32421875,2.30140625,2.3475,-2.0,-2.0,-2.0,0.0,0.0,0.0,80.49025977913199,79.09035432144557,81.86402218236674,98.94743203171875,97.22019711640625,100.60555418640625,6191.795109375,6165.17765625,6219.131953125,290.0,288.921875,291.0625
0.5,280,64,103.17838549078125,101.3722219103125,104.9146246309375,0.0,0.0,0.0,2.3078125,2.284375,2.33328125,-2.0,-2.0,-2.0,0.0,0.0,0.0,84.1276772104068,82.69041702622764,85.49071206941332,103.17838549078125,101.3697204771875,104.96344404625,6132.805078125,6102.590671875,6161.580703125,282.421875,281.4375,283.4375
0.5,290,64,107.66981105328125,105.83488214609375,109.53331414359376,0.0,0.0,0.0,2.2865625,2.265625,2.30828125,-2.0,-2.0,-2.0,0.0,0.0,0.0,88.06306615437724,86.62594853802017,89.40201630121527,107.66981105328125,105.8932855978125,109.5202441334375,6073.0956562500005,6041.44246875,6104.029453125,274.875,273.9375,275.75
0.5,300,64,112.25721187140626,110.41295636953124,114.1970792365625,0.0,0.0,0.0,2.2575,2.2365625000000002,2.27875,-2.0,-2.0,-2.0,0.0,0.0,0.0,92.06594698768068,90.6138923718885,93.58456622251089,112.25721187140626,110.400119356875,114.12522711203125,6007.631109375,5975.977921875,6037.126125,267.140625,266.34375,267.9375
0.5,310,64,116.8017861178125,115.01835414875,118.6136747546875,0.0,0.0,0.0,2.22296875,2.2028125,2.2440625,-2.0,-2.0,-2.0,0.0,0.0,0.0,96.17400477560915,94.68030376664093,97.72231201572933,116.8017861178125,114.9486389825,118.621871971875,5932.09509375,5900.44190625,5964.467671875,258.765625,258.09375,259.40625
0.5,320,64,121.47372574703125,119.5181658675,123.491906621875,0.0,0.0,0.0,2.18734375,2.168125,2.20640625,-2.0,-2.0,-2.0,0.0,0.0,0.0,100.32392111795366,98.73487044326089,101.96967837243152,121.47372574703125,119.5450755721875,123.47085381109375,5860.15603125,5827.0640625,5892.528609375,250.40625,249.71875,251.046875
0.5,330,64,126.0432180203125,124.0153271296875,128.0187577046875,0.0,0.0,0.0,2.14296875,2.1253125,2.16203125,-2.0,-2.0,-2.0,0.0,0.0,0.0,104.51980455153652,102.9960898588547,106.14168481629355,126.0432180203125,124.03572371875,127.956364678125,5765.19646875,5730.66571875,5799.72721875,241.390625,240.765625,241.984375
0.5,340,64,131.0157393265625,129.046608709375,133.01471807812501,0.0,0.0,0.0,2.09765625,2.08234375,2.1145312499999998,-2.0,-2.0,-2.0,0.0,0.0,0.0,109.06032427125811,107.4816142507013,110.65848725099323,131.0157393265625,129.1090415109375,133.016154565625,5663.762390625,5629.231640625,5698.293140625,232.65625,232.234375,233.0625
0.5,350,64,136.0292942546875,134.1034398796875,137.9536107953125,0.0,0.0,0.0,2.04109375,2.025,2.0564062499999998,-2.0,-2.0,-2.0,0.0,0.0,0.0,113.74469927612807,112.11997546948335,115.3777817918965,136.0292942546875,134.0675759359375,137.9940951765625,5570.241609375,5532.833296875,5606.93053125,223.328125,222.921875,223.734375
0.5,360,64,141.1409994328125,139.1625462953125,143.138142353125,0.0,0.0,0.0,1.9759375,1.9628124999999998,1.98921875,-2.0,-2.0,-2.0,0.0,0.0,0.0,118.50414451080118,116.9205885136992,120.08075816296622,141.1409994328125,139.150084478125,143.12709368125,5462.333015625,5427.082875,5501.180109375,213.953125,213.59375,214.328125
0.5,370,64,146.365868440625,144.4128217890625,148.3559148328125,0.0,0.0,0.0,1.91109375,1.89890625,1.9224999999999999,-2.0,-2.0,-2.0,0.0,0.0,0.0,123.55750845037423,121.91512270890257,125.2985455440647,146.365868440625,144.216558071875,148.3107798625,5349.3886875,5308.383421875,5388.955171875,204.40625,204.125,204.6875
0.5,380,64,151.57482505,149.46019740625,153.76390431875,0.0,0.0,0.0,1.836875,1.8259375,1.84796875,-2.0,-2.0,-2.0,0.0,0.0,0.0,128.78996952110262,127.04997064105612,130.58433268311822,151.57482505,149.4686388875,153.5955417140625,5237.16375,5197.597265625,5278.169015625,194.734375,194.46875,194.984375
0.5,390,64,157.1374851640625,155.00527191875,159.043224734375,0.0,0.0,0.0,1.75984375,1.749375,1.77046875,-2.0,-2.0,-2.0,0.0,0.0,0.0,134.24349298599518,132.4434326024183,136.03647523693522,157.1374851640625,155.1403960484375,159.1418890046875,5091.127453125,5046.525234375,5134.290890625,185.0,184.75,185.234375
0.5,400,64,162.4880038828125,160.307080196875,164.584964203125,0.0,0.0,0.0,1.6821875,1.671875,1.691875,-2.0,-2.0,-2.0,0.0,0.0,0.0,139.46846104169467,137.64046098506273,141.4065541235737,162.4880038828125,160.3689306203125,164.629984215625,4960.198359375,4918.473703125,5001.203625,175.28125,175.09375,175.453125
0.5,410,64,168.7391222203125,166.712468365625,170.913742928125,0.0,0.0,0.0,1.600625,1.5925,1.60890625,-2.0,-2.0,-2.0,0.0,0.0,0.0,145.6575167057093,143.7139515955121,147.6034940332087,168.7391222203125,166.66630253125,170.78892476875,4813.442671875,4773.8761875,4852.289765625,165.46875,165.3125,165.625
0.5,420,64,174.96491071875,172.8193714390625,177.3308991515625,0.0,0.0,0.0,1.516875,1.50984375,1.5234375,-2.0,-2.0,-2.0,0.0,0.0,0.0,151.61219978315003,149.67014111723432,153.7102439851915,174.96491071875,172.6728013,177.227279903125,4638.63075,4597.625484375,4678.916625,155.75,155.640625,155.859375
0.5,430,64,181.684900215625,179.37697660468748,184.0674422109375,0.0,0.0,0.0,1.42890625,1.42359375,1.4340625,-2.0,-2.0,-2.0,0.0,0.0,0.0,158.1631478623692,156.17004165890717,160.28383606854658,181.684900215625,179.442262575,184.004224378125,4453.747359375,4410.583921875,4494.752625,145.859375,145.78125,145.9375
0.5,440,64,188.65610085,186.245808853125,191.11208603125,0.0,0.0,0.0,1.3379687500000002,1.33390625,1.3421875,-2.0,-2.0,-2.0,0.0,0.0,0.0,164.84614638522115,162.5698009892324,167.1452455289123,188.65610085,186.2681107765625,191.15649487031249,4265.98640625,4225.70053125,4309.14984375,135.9375,135.875,135.984375
0.5,450,64,196.1788662359375,193.774395165625,198.6372927578125,0.0,0.0,0.0,1.24515625,1.2415625,1.2484375,-2.0,-2.0,-2.0,0.0,0.0,0.0,172.30940637049284,170.2134250147125,174.43021154736712,196.1788662359375,194.0287536765625,198.6232524046875,4058.80190625,4021.39359375,4096.929609375,125.96875,125.921875,126.0
0.5,460,64,204.1733356140625,201.6948439078125,206.6307433578125,0.0,0.0,0.0,1.1520312499999998,1.14953125,1.154375,-2.0,-2.0,-2.0,0.0,0.0,0.0,180.3581994790169,178.18792646013145,182.47108567704706,204.1733356140625,201.8703966125,206.646541371875,3851.61740625,3814.20909375,3889.02571875,116.0,116.0,116.0
0.5,470,64,213.604231971875,211.1261738640625,216.029395653125,0.0,0.0,0.0,1.05484375,1.05296875,1.0565625,-2.0,-2.0,-2.0,0.0,0.0,0.0,190.1243051642541,187.79156781323408,192.47851402468012,213.604231971875,210.98881494375,215.9937857109375,3633.6420468750002,3599.8306875,3666.734015625,106.0,106.0,106.0
0.5,480,64,223.068644540625,220.5352596375,225.62670235625,0.0,0.0,0.0,0.9565625,0.955,0.9579687499999999,-2.0,-2.0,-2.0,0.0,0.0,0.0,199.55243399892905,197.20585040676596,201.94929675028646,223.068644540625,220.571458609375,225.7319216375,3379.69715625,3352.3603125,3406.314609375,96.0,96.0,96.0
0.5,490,64,234.352682946875,231.52090945,237.1148946296875,0.0,0.0,0.0,0.8578125,0.85671875,0.85890625,-2.0,-2.0,-2.0,0.0,0.0,0.0,210.88953429020168,208.39427205281976,213.53845510724744,234.352682946875,231.24209881875,237.341081821875,3122.874703125,3091.94090625,3153.089109375,86.0,86.0,86.0
0.5,500,64,247.1886338703125,243.7934431109375,250.3014680140625,0.0,0.0,0.0,0.75875,0.7578125,0.75953125,-2.0,-2.0,-2.0,0.0,0.0,0.0,223.94006692705798,221.040289425625,226.87790628660156,247.1886338703125,243.96160834375,250.33797481875,2852.383828125,2820.730640625,2884.037015625,76.0,76.0,76.0
0.5,510,64,261.5169097328125,258.15628218125,264.750237684375,0.0,0.0,0.0,0.6592187500000001,0.6584375,0.6598437500000001,-2.0,-2.0,-2.0,0.0,0.0,0.0,238.36182465930162,235.0746478575142,241.55001310727272,261.5169097328125,258.18327789531253,264.84102715625,2538.7295156249997,2511.392671875,2568.22453125,66.0,66.0,66.0
0.5,520,64,277.29122186875,273.4592694,280.927225634375,0.0,0.0,0.0,0.5596875,0.5592187500000001,0.56,-2.0,-2.0,-2.0,0.0,0.0,0.0,253.9790611716797,250.1646858516741,257.57055157573103,277.29122186875,273.521586421875,280.966852471875,2210.687390625,2186.9475,2235.8660625,56.0,56.0,56.0
0.5,530,64,296.5786223390625,292.41422040625,300.8600953125,0.0,0.0,0.0,0.46,0.46,0.46,-2.0,-2.0,-2.0,0.0,0.0,0.0,272.78228042485733,268.7061978500136,276.5162846471603,296.5786223390625,292.4420282671875,300.519914190625,1861.063546875,1838.7624375,1882.645265625,46.0,46.0,46.0
0.5,540,64,320.152220259375,316.08742083125003,324.273192428125,0.0,0.0,0.0,0.36,0.36,0.36,-2.0,-2.0,-2.0,0.0,0.0,0.0,296.49870890043405,292.5017477581163,300.58687100989584,320.152220259375,315.68783910156253,324.2135776234375,1504.9651875,1485.541640625,1522.2305625,36.0,36.0,36.0
0.5,550,64,352.979831471875,347.9272949390625,357.9621729046875,0.0,0.0,0.0,0.26,0.26,0.26,-2.0,-2.0,-2.0,0.0,0.0,0.0,329.9674149731971,325.29696389326926,334.8041426608774,352.979831471875,348.222393703125,358.1336342375,1121.529984375,1109.30034375,1133.759625,26.0,26.0,26.0
0.5,560,64,402.5131487125,396.271332590625,409.196390065625,0.0,0.0,0.0,0.16,0.16,0.16,-2.0,-2.0,-2.0,0.0,0.0,0.0,379.2793945792969,372.4943360737305,385.84177132978516,402.5131487125,395.9622081078125,409.32710898125,710.7579375,702.1252499999999,717.95184375,16.0,16.0,16.0
0.5,570,64,495.504333728125,485.634027825,505.319185775,0.0,0.0,0.0,0.06,0.06,0.06,-2.0,-2.0,-2.0,0.0,0.0,0.0,472.76847013046876,463.8597737375,481.57557974765626,495.504333728125,485.77370511875,504.740629003125,274.80721875,272.649046875,276.246,6.0,6.0,6.0
0.5,576,64,726.771920240625,700.5527864546875,753.5157069046875,0.0,0.0,0.0,0.0,0.0,0.0,-inf,-inf,-inf,0.0,0.0,0.0,0.0,0.0,0.0,0.0,0.0,0.0,0.0,0.0,0.0,0.0,0.0,0.0
