potential_mu_kcal_mol,replica,seed,induction_time_s,censored_at_s
-0.70,0,11586010233531586918,,600.0
-0.70,1,7435275229452103958,,600.0
-0.70,2,17377466536114428149,,600.0
-0.70,3,6199957159904866235,,600.0
-0.70,4,12032831652220777203,,600.0
-0.70,5,12824817159816449082,,600.0
-0.70,6,13127086010505558010,,600.0
-0.70,7,8614443013277031389,,600.0
-0.70,8,3349677325774699018,,600.0
-0.70,9,6739777678050942568,,600.0
-0.70,10,13292573669742727768,,600.0
-0.70,11,8344065747443815322,,600.0
-0.70,12,7490701265514071955,,600.0
-0.70,13,8195868551367103870,,600.0
-0.70,14,143160498584173569,,600.0
-0.70,15,13991331147305667756,,600.0
-0.70,16,8852702049133514447,,600.0
-0.70,17,9212052921636300388,,600.0
-0.70,18,402961943671700872,,600.0
-0.70,19,6986561947402773466,,600.0
-0.70,20,16005634800982363428,,600.0
-0.70,21,3103801612665070996,,600.0
-0.70,22,3967502247431635178,,600.0
-0.70,23,4878733458379586603,,600.0
-0.70,24,6374048190185089496,,600.0
-0.70,25,13912929966655383479,,600.0
-0.70,26,16086834953004871649,,600.0
-0.70,27,2478123085070656810,,600.0
-0.70,28,14635557844392384166,,600.0
-0.70,29,6080612373390493676,,600.0
-0.70,30,7285233852844147061,,600.0
-0.70,31,4284981539987200484,,600.0
-0.45,0,11586010233531586918,,600.0
-0.45,1,7435275229452103958,,600.0
-0.45,2,17377466536114428149,,600.0
-0.45,3,6199957159904866235,,600.0
-0.45,4,12032831652220777203,,600.0
-0.45,5,12824817159816449082,,600.0
-0.45,6,13127086010505558010,569.454261266,
-0.45,7,8614443013277031389,,600.0
-0.45,8,3349677325774699018,,600.0
-0.45,9,6739777678050942568,,600.0
-0.45,10,13292573669742727768,,600.0
-0.45,11,8344065747443815322,,600.0
-0.45,12,7490701265514071955,,600.0
-0.45,13,8195868551367103870,,600.0
-0.45,14,143160498584173569,,600.0
-0.45,15,13991331147305667756,,600.0
-0.45,16,8852702049133514447,,600.0
-0.45,17,9212052921636300388,,600.0
-0.45,18,402961943671700872,,600.0
-0.45,19,6986561947402773466,,600.0
-0.45,20,16005634800982363428,,600.0
-0.45,21,3103801612665070996,,600.0
-0.45,22,3967502247431635178,,600.0
-0.45,23,4878733458379586603,,600.0
-0.45,24,6374048190185089496,,600.0
-0.45,25,13912929966655383479,,600.0
-0.45,26,16086834953004871649,,600.0
-0.45,27,2478123085070656810,,600.0
-0.45,28,14635557844392384166,,600.0
-0.45,29,6080612373390493676,,600.0
-0.45,30,7285233852844147061,,600.0
-0.45,31,4284981539987200484,,600.0
-0.20,0,11586010233531586918,,600.0
-0.20,1,7435275229452103958,,600.0
-0.20,2,17377466536114428149,498.759161375,
-0.20,3,6199957159904866235,,600.0
-0.20,4,12032831652220777203,,600.0
-0.20,5,12824817159816449082,,600.0
-0.20,6,13127086010505558010,,600.0
-0.20,7,8614443013277031389,,600.0
-0.20,8,3349677325774699018,,600.0
-0.20,9,6739777678050942568,,600.0
-0.20,10,13292573669742727768,,600.0
-0.20,11,8344065747443815322,,600.0
-0.20,12,7490701265514071955,,600.0
-0.20,13,8195868551367103870,,600.0
-0.20,14,143160498584173569,,600.0
-0.20,15,13991331147305667756,,600.0
-0.20,16,8852702049133514447,,600.0
-0.20,17,9212052921636300388,,600.0
-0.20,18,402961943671700872,,600.0
-0.20,19,6986561947402773466,,600.0
-0.20,20,16005634800982363428,,600.0
-0.20,21,3103801612665070996,,600.0
-0.20,22,3967502247431635178,,600.0
-0.20,23,4878733458379586603,,600.0
-0.20,24,6374048190185089496,,600.0
-0.20,25,13912929966655383479,,600.0
-0.20,26,16086834953004871649,,600.0
-0.20,27,2478123085070656810,348.514356405,
-0.20,28,14635557844392384166,,600.0
-0.20,29,6080612373390493676,,600.0
-0.20,30,7285233852844147061,,600.0
-0.20,31,4284981539987200484,,600.0
0.05,0,11586010233531586918,174.078156268,
0.05,1,7435275229452103958,505.960875218,
0.05,2,17377466536114428149,498.873262333,
0.05,3,6199957159904866235,529.798163011,
0.05,4,12032831652220777203,,600.0
0.05,5,12824817159816449082,362.422736960,
0.05,6,13127086010505558010,,600.0
0.05,7,8614443013277031389,,600.0
0.05,8,3349677325774699018,250.879162747,
0.05,9,6739777678050942568,344.049115315,
0.05,10,13292573669742727768,,600.0
0.05,11,8344065747443815322,,600.0
0.05,12,7490701265514071955,494.879118419,
0.05,13,8195868551367103870,350.745752838,
0.05,14,143160498584173569,595.449700238,
0.05,15,13991331147305667756,,600.0
0.05,16,8852702049133514447,377.487852320,
0.05,17,9212052921636300388,257.166326871,
0.05,18,402961943671700872,,600.0
0.05,19,6986561947402773466,,600.0
0.05,20,16005634800982363428,164.967604802,
0.05,21,3103801612665070996,363.311074788,
0.05,22,3967502247431635178,,600.0
0.05,23,4878733458379586603,,600.0
0.05,24,6374048190185089496,,600.0
0.05,25,13912929966655383479,,600.0
0.05,26,16086834953004871649,,600.0
0.05,27,2478123085070656810,,600.0
0.05,28,14635557844392384166,471.407297180,
0.05,29,6080612373390493676,,600.0
0.05,30,7285233852844147061,590.546044450,
0.05,31,4284981539987200484,,600.0
0.30,0,11586010233531586918,552.917111894,
0.30,1,7435275229452103958,,600.0
0.30,2,17377466536114428149,209.549994746,
0.30,3,6199957159904866235,369.801570077,
0.30,4,12032831652220777203,366.645222844,
0.30,5,12824817159816449082,273.742087271,
0.30,6,13127086010505558010,222.261143091,
0.30,7,8614443013277031389,,600.0
0.30,8,3349677325774699018,,600.0
0.30,9,6739777678050942568,151.624128599,
0.30,10,13292573669742727768,407.966691061,
0.30,11,8344065747443815322,132.998980915,
0.30,12,7490701265514071955,91.586150327,
0.30,13,8195868551367103870,559.971090784,
0.30,14,143160498584173569,245.123442371,
0.30,15,13991331147305667756,386.854203131,
0.30,16,8852702049133514447,212.837861673,
0.30,17,9212052921636300388,,600.0
0.30,18,402961943671700872,332.071267638,
0.30,19,6986561947402773466,201.669004207,
0.30,20,16005634800982363428,233.002447006,
0.30,21,3103801612665070996,196.377343645,
0.30,22,3967502247431635178,224.761383021,
0.30,23,4878733458379586603,,600.0
0.30,24,6374048190185089496,189.368170068,
0.30,25,13912929966655383479,307.385603000,
0.30,26,16086834953004871649,,600.0
0.30,27,2478123085070656810,198.246251954,
0.30,28,14635557844392384166,155.745022917,
0.30,29,6080612373390493676,80.455914594,
0.30,30,7285233852844147061,341.540930235,
0.30,31,4284981539987200484,350.588608055,
0.55,0,11586010233531586918,198.895813934,
0.55,1,7435275229452103958,232.974868324,
0.55,2,17377466536114428149,124.108189758,
0.55,3,6199957159904866235,171.188062087,
0.55,4,12032831652220777203,105.062596041,
0.55,5,12824817159816449082,184.887042182,
0.55,6,13127086010505558010,88.396705858,
0.55,7,8614443013277031389,117.573256014,
0.55,8,3349677325774699018,358.735410748,
0.55,9,6739777678050942568,169.688266814,
0.55,10,13292573669742727768,108.315149626,
0.55,11,8344065747443815322,244.398874754,
0.55,12,7490701265514071955,89.031520366,
0.55,13,8195868551367103870,93.748166705,
0.55,14,143160498584173569,149.614024649,
0.55,15,13991331147305667756,136.935801132,
0.55,16,8852702049133514447,214.958897156,
0.55,17,9212052921636300388,118.612212258,
0.55,18,402961943671700872,97.740647640,
0.55,19,6986561947402773466,454.516346286,
0.55,20,16005634800982363428,77.268415016,
0.55,21,3103801612665070996,207.799703802,
0.55,22,3967502247431635178,196.259250739,
0.55,23,4878733458379586603,373.411350004,
0.55,24,6374048190185089496,115.926397469,
0.55,25,13912929966655383479,97.512485435,
0.55,26,16086834953004871649,241.829230309,
0.55,27,2478123085070656810,116.840332596,
0.55,28,14635557844392384166,138.656702753,
0.55,29,6080612373390493676,111.344918463,
0.55,30,7285233852844147061,131.852728593,
0.55,31,4284981539987200484,270.402898313,
0.80,0,11586010233531586918,110.536970886,
0.80,1,7435275229452103958,55.697150105,
0.80,2,17377466536114428149,138.189179439,
0.80,3,6199957159904866235,75.477567680,
0.80,4,12032831652220777203,68.567435161,
0.80,5,12824817159816449082,68.480649982,
0.80,6,13127086010505558010,53.107890963,
0.80,7,8614443013277031389,75.646603110,
0.80,8,3349677325774699018,103.170069769,
0.80,9,6739777678050942568,70.930889776,
0.80,10,13292573669742727768,106.272163127,
0.80,11,8344065747443815322,82.860928840,
0.80,12,7490701265514071955,74.158904293,
0.80,13,8195868551367103870,98.426216326,
0.80,14,143160498584173569,63.760779074,
0.80,15,13991331147305667756,115.472843442,
0.80,16,8852702049133514447,51.163582830,
0.80,17,9212052921636300388,107.596184337,
0.80,18,402961943671700872,56.055236913,
0.80,19,6986561947402773466,88.880860733,
0.80,20,16005634800982363428,72.328911942,
0.80,21,3103801612665070996,62.009968484,
0.80,22,3967502247431635178,61.343669901,
0.80,23,4878733458379586603,73.982554193,
0.80,24,6374048190185089496,75.348562656,
0.80,25,13912929966655383479,96.380972219,
0.80,26,16086834953004871649,91.995621339,
0.80,27,2478123085070656810,63.128176649,
0.80,28,14635557844392384166,86.011595637,
0.80,29,6080612373390493676,119.401914926,
0.80,30,7285233852844147061,97.977926860,
0.80,31,4284981539987200484,46.160625330,
