event,time_s,active_patches,largest_cluster,current_propensity,dissolution_events,repassivation_events
20,9.336289103,0,0,-0.000000000,0,0
40,17.981053219,0,0,-0.000000000,0,0
44,19.160922413,1,1,-0.000000000,0,0
60,25.334489615,0,0,-0.000000000,0,1
70,26.810323543,1,1,-0.000000000,0,1
79,29.975179667,2,1,-0.000000000,0,1
80,30.361308452,2,1,-0.000000000,0,1
100,35.946395683,2,1,0.091261336,0,1
101,35.966815145,3,1,0.091261336,0,1
112,37.027412762,4,1,0.182522671,0,1
118,37.488649313,4,1,0.091261336,0,2
120,37.836874713,4,1,0.091261336,0,2
129,39.491951604,5,1,0.182522671,0,2
140,40.790493816,4,1,0.091261336,1,3
141,41.043604028,5,1,0.091261336,1,3
160,43.625312554,5,1,0.091261336,2,3
178,46.669569451,5,1,0.091261336,2,4
180,46.856979035,5,1,0.091261336,2,4
183,47.204512328,6,1,0.091261336,2,4
200,50.561431201,4,1,0.091261336,2,6
220,53.185144912,1,1,-0.000000000,2,9
227,54.455498917,2,1,-0.000000000,2,9
238,57.000753001,3,1,-0.000000000,2,9
240,57.235839064,3,1,-0.000000000,2,9
248,58.712604988,4,1,-0.000000000,2,9
260,61.759951236,4,1,-0.000000000,2,9
264,62.397895469,5,2,-0.000000000,2,9
280,65.737470023,4,2,0.203013637,2,10
295,68.098194512,5,2,0.203013637,3,10
298,68.425063658,6,2,0.111752301,4,10
300,69.834114705,6,2,0.111752301,4,10
310,71.389759389,6,2,0.203013637,4,11
320,74.927313631,6,2,0.203013637,4,11
324,76.030782484,7,2,0.294274972,4,11
340,79.145351973,6,1,0.273784007,5,12
343,79.691040523,7,1,0.273784007,5,12
355,82.752955826,8,1,0.091261336,7,12
358,83.547339104,9,1,0.182522671,7,12
360,83.754423385,9,1,0.182522671,7,12
380,87.674593107,9,1,0.273784007,9,12
386,88.902060292,9,1,0.365045343,9,13
390,89.379785004,10,1,0.273784007,10,13
400,90.660465529,9,1,0.182522671,12,14
416,93.744253230,8,1,0.182522671,12,16
419,94.342853582,9,1,0.182522671,12,16
420,94.415643733,9,1,0.182522671,12,16
429,96.060247708,9,1,0.182522671,12,17
433,96.804392056,10,3,0.182522671,13,17
439,97.765907851,11,3,0.182522671,13,17
440,97.774785425,12,3,0.182522671,13,17
442,98.149610757,13,3,0.273784007,13,17
448,98.672813216,14,3,0.273784007,13,17
460,100.710399371,12,3,0.294274972,13,19
480,102.873204324,12,3,0.406027273,14,19
491,104.170599097,13,3,0.294274972,16,19
494,104.336822474,14,3,0.294274972,16,19
499,104.621903690,15,3,0.182522671,17,19
500,104.766535767,15,3,0.182522671,17,19
502,104.887471684,16,3,0.182522671,17,19
511,106.728304293,16,3,0.365045343,17,20
520,107.637302161,13,3,0.365045343,17,23
532,109.478080646,13,3,0.365045343,18,24
538,110.042154990,13,3,0.365045343,18,25
539,110.072081788,14,3,0.365045343,18,25
540,110.160667484,15,3,0.365045343,18,25
547,111.889005166,16,3,0.476797644,19,25
550,112.781427976,17,3,0.476797644,19,25
557,113.955822560,17,3,0.476797644,19,26
559,113.990628942,18,3,0.476797644,19,26
560,114.032696209,18,3,0.476797644,19,26
564,114.654565842,18,3,0.476797644,19,27
572,115.641394683,18,3,0.476797644,21,28
578,116.726335996,19,3,0.476797644,21,28
580,116.827648135,19,3,0.476797644,21,28
593,119.013763405,20,3,0.476797644,24,28
600,120.145455449,18,3,0.750581651,24,30
604,120.396016749,19,3,0.750581651,24,30
605,120.489522076,20,4,0.750581651,24,30
620,123.554189210,19,4,0.638829350,26,32
621,123.594879425,20,4,0.638829350,26,32
624,123.940165878,21,4,0.638829350,26,32
625,123.947905384,22,4,0.638829350,26,32
635,125.960907029,22,4,0.456306679,29,33
640,126.581823995,22,4,0.456306679,29,33
645,127.280723662,23,4,0.547568014,29,33
655,128.757042135,23,4,0.602709465,29,34
660,129.282744519,22,3,0.659320315,29,35
661,129.293317877,23,3,0.659320315,29,35
662,129.375094453,24,3,0.659320315,29,35
680,131.671016345,23,3,0.953595287,31,36
683,131.860045743,24,3,0.862333952,32,36
685,131.932444350,25,3,0.974086252,32,36
686,132.025577647,26,3,0.974086252,32,36
700,134.537035741,24,3,0.791563581,34,38
706,135.393286379,24,3,0.771072616,34,39
714,136.099554564,24,3,0.679811280,35,40
720,136.781616130,23,3,0.588549944,36,41
735,138.697941480,21,3,0.734952731,36,44
738,139.303091418,22,3,0.734952731,36,44
740,139.460059979,22,3,0.734952731,37,44
743,140.101997218,23,3,0.734952731,37,44
760,141.816086346,23,3,0.679811280,40,44
765,142.409131718,23,3,0.679811280,40,45
766,142.741306209,24,3,0.679811280,40,45
774,143.504711777,22,3,0.588549944,40,48
776,143.568281778,22,3,0.588549944,40,49
780,144.216387358,21,3,0.588549944,40,50
783,144.507287642,21,3,0.609040910,40,51
800,146.089321753,21,3,0.812054546,43,51
809,146.775319939,22,3,0.812054546,43,51
818,147.486221034,22,3,0.812054546,43,52
820,147.761911264,21,3,0.720793210,43,53
823,148.103467040,22,3,0.720793210,43,53
826,148.371487193,22,3,0.700302245,43,54
840,149.608859007,21,3,0.720793210,45,55
841,149.621693071,22,3,0.720793210,45,55
860,150.779288747,20,3,0.588549944,48,57
877,153.136855469,20,3,0.791563581,51,58
880,154.102585683,20,3,0.882824917,51,58
881,154.154979393,21,3,0.882824917,51,58
883,155.486282687,22,3,0.974086252,51,58
891,156.447954307,21,2,0.862333952,51,60
900,158.183061076,20,2,0.862333952,51,61
905,158.531346372,20,2,0.953595287,51,62
920,160.587258244,18,2,0.771072616,54,64
931,162.072132224,17,2,0.771072616,54,66
940,163.249983335,17,2,0.771072616,55,66
960,166.152007166,16,2,0.841842986,57,67
966,166.933659188,16,2,0.841842986,57,68
968,167.245730013,17,2,0.841842986,57,68
980,168.075690605,16,2,0.821352021,58,69
987,169.243523130,17,2,0.912613357,58,69
988,169.298649028,18,2,0.912613357,58,69
994,169.927334104,19,2,0.912613357,59,69
1000,170.725336451,19,2,0.912613357,59,70
1007,171.483754024,20,2,0.730090686,61,70
1020,172.793501617,20,2,0.547568014,63,70
1033,173.972893332,21,2,0.750581651,63,70
1038,174.571368636,22,2,0.771072616,63,70
1040,174.594940835,22,2,0.771072616,63,70
1042,174.845086533,23,2,0.862333952,63,70
1053,177.066980989,23,3,0.476797644,66,71
1055,177.254429018,23,3,0.385536308,66,72
1057,177.439462163,24,3,0.476797644,66,72
1060,178.265142431,23,3,0.476797644,66,73
1062,179.320956382,24,3,0.476797644,66,73
1075,180.881655956,25,3,0.679811280,66,73
1080,181.458853675,25,3,0.734952731,67,73
1090,182.811578602,23,3,0.497288609,69,76
1100,184.044817110,22,3,0.294274972,71,77
1120,186.854404360,20,3,0.456306679,72,79
1136,189.267692876,20,3,0.750581651,73,80
1137,189.328022721,21,3,0.750581651,73,80
1140,189.476845280,22,3,0.750581651,73,80
1142,189.675133942,23,3,0.659320315,74,80
1151,191.015072767,23,3,0.547568014,76,81
1160,192.082981678,22,3,0.638829350,77,82
1163,192.482780560,22,3,0.638829350,77,83
1170,193.275080785,23,3,0.730090686,77,83
1180,194.073702695,23,3,0.638829350,78,83
1193,196.414507027,23,3,0.547568014,81,84
1199,196.805310929,24,3,0.805723102,82,84
1200,196.825986840,24,3,0.805723102,82,84
1202,197.006306782,25,3,0.805723102,82,84
1206,197.576557935,25,3,0.805723102,82,85
1209,197.891948238,26,3,0.826214067,82,85
1218,198.931172843,27,3,0.958457333,84,85
1220,199.365942424,26,3,0.958457333,84,86
1223,199.618828799,27,3,0.958457333,84,86
1230,200.215084530,28,3,1.140980004,84,86
1236,200.794912684,27,3,1.029227703,85,88
1240,201.251589473,27,3,1.120489039,85,88
1241,201.253032929,28,3,1.120489039,85,88
1243,201.680198362,29,3,1.120489039,85,88
1244,201.799238231,30,3,1.120489039,85,88
1245,202.010798817,31,3,1.120489039,85,88
1248,202.372981877,32,3,1.211750375,85,88
1251,202.697785598,33,3,1.211750375,85,88
1254,203.003390360,33,3,1.120489039,86,89
1256,203.179361930,34,3,1.029227703,87,89
1260,203.293411023,34,3,1.120489039,87,89
1262,203.431081465,35,3,1.232241340,87,89
1278,205.530914093,36,3,1.339131595,91,89
1280,205.656575031,36,3,1.247870259,92,89
1300,207.936259924,32,3,1.115626994,94,93
1307,208.792355974,33,3,1.227379294,95,93
1316,210.651585250,32,3,1.136117959,96,95
1320,211.677339239,31,3,1.044856623,97,96
1333,212.604956773,32,4,1.303011710,99,96
1337,213.074304035,33,4,1.394273046,99,96
1340,213.185967521,33,4,1.394273046,100,96
1349,214.287999613,34,4,1.485534382,101,96
1359,215.346329485,33,4,1.485534382,102,98
1360,215.617048348,33,4,1.485534382,102,98
1377,217.115528493,31,4,1.800300319,103,101
1380,217.379627709,31,4,1.800300319,104,101
1399,218.987426382,29,4,1.547007277,105,104
1400,218.991958028,29,4,1.455745941,106,104
1403,219.188878052,29,3,1.343993641,106,105
1404,219.265780253,30,3,1.343993641,106,105
1416,220.291472220,31,3,1.414764011,108,105
1420,220.691686188,31,3,1.414764011,109,105
1431,221.538384824,31,3,1.232241340,112,106
1432,221.583259478,32,3,1.252732305,112,106
1435,221.740701291,33,3,1.364484606,112,106
1440,222.175566371,34,3,1.273223270,113,106
1445,223.132511885,33,4,1.328364721,113,108
1459,224.666384795,30,4,1.049718668,114,112
1460,224.688417812,30,4,1.049718668,114,112
1467,226.304872065,28,4,1.155139525,115,115
1478,227.703569995,29,4,0.771072616,119,115
1480,227.838013977,27,3,0.771072616,119,117
1494,229.362078162,27,3,0.882824917,119,118
1500,230.214914215,27,3,0.700302245,121,118
1501,230.230989493,28,3,0.700302245,121,118
1519,231.851881337,28,3,0.903315882,121,119
1520,232.392724528,28,3,1.015068183,121,119
1540,234.544154012,23,3,1.197590854,123,124
1545,234.940405931,24,3,1.177099889,124,124
1560,237.068628935,23,3,1.288852190,126,125
1580,239.720983363,21,2,1.227379294,128,127
1582,239.848131151,22,2,1.227379294,128,127
1584,240.011123156,23,2,1.227379294,128,127
1592,241.362840035,22,2,0.974086252,129,129
1594,241.471916265,23,2,0.974086252,129,129
1600,243.104047199,22,2,1.065347588,129,130
1610,245.161314195,22,3,1.015068183,131,131
1616,245.559018761,23,3,1.126820483,131,131
1620,246.074219339,23,3,1.126820483,131,131
1640,249.795598510,20,3,0.882824917,134,134
1652,251.106259153,21,3,0.771072616,135,134
1660,252.183095341,18,2,0.679811280,136,137
1666,252.750201413,19,2,0.588549944,137,137
1680,254.081274241,18,2,0.882824917,137,138
1688,254.941158703,18,2,0.679811280,139,139
1691,255.650537048,18,2,0.812054546,139,140
1697,256.319464836,19,2,0.812054546,140,140
1700,257.097293869,19,2,0.720793210,141,140
1704,257.522972978,20,2,0.720793210,141,140
1706,258.198098933,21,3,0.720793210,141,140
1720,260.001582859,21,3,0.426518238,144,141
1722,260.457569471,22,3,0.517779574,144,141
1731,261.874381821,23,3,0.609040910,145,141
1740,262.735505949,22,3,0.700302245,145,142
1745,263.140646598,23,3,0.812054546,145,142
1746,263.282584281,24,3,0.812054546,145,142
1756,264.000098815,24,3,0.609040910,148,143
1759,264.561451551,24,3,0.609040910,148,144
1760,264.593094361,24,3,0.609040910,148,144
1780,267.198369177,23,3,0.700302245,151,145
1784,267.367923907,24,3,0.812054546,151,145
1791,268.269931227,23,3,0.812054546,152,147
1799,269.499771366,24,3,0.903315882,152,147
1800,269.563220194,25,3,0.903315882,152,147
1804,270.225384540,26,3,0.923806847,153,147
1820,271.723615103,25,3,0.923806847,153,148
1830,272.928236071,25,3,1.035559148,153,149
1833,273.292638100,26,3,1.126820483,153,149
1840,274.471560614,26,3,1.273223270,153,149
1854,276.347404703,25,3,0.832545511,156,151
1857,276.544987351,26,3,0.853036476,156,151
1860,276.980658922,26,3,0.741284175,157,151
1865,277.462056267,26,4,0.741284175,157,152
1867,277.570091940,27,4,0.853036476,157,152
1880,279.099573408,26,4,1.035559148,158,153
1899,280.712112128,26,4,0.978948298,161,154
1900,280.726946339,26,4,0.867195997,162,154
1920,283.701254954,26,4,1.049718668,163,154
1933,285.515108403,26,3,1.161470969,165,155
1935,285.551764944,27,4,1.161470969,165,155
1938,285.989602530,28,4,1.273223270,165,155
1940,286.501417011,28,4,1.126820483,166,155
1953,288.128750404,28,3,1.015068183,168,156
1960,288.476657598,27,3,1.015068183,170,157
1978,290.395208401,27,3,0.791563581,175,158
1980,291.033220503,27,3,0.903315882,175,158
1990,292.887224283,27,3,0.882824917,176,159
1996,293.532529742,27,3,0.791563581,177,160
2000,293.873744151,27,3,0.974086252,177,160
2002,294.067998774,28,3,0.974086252,177,160
2020,296.751444232,26,3,1.085838553,179,163
2023,297.194824311,27,3,1.177099889,179,163
2025,297.451954692,28,3,1.065347588,180,163
2031,298.494546397,28,3,0.771072616,182,164
2040,299.545988319,27,3,0.882824917,182,165
2041,299.675102853,28,3,0.882824917,182,165
2046,300.866271237,29,3,0.679811280,184,165
2048,301.135150241,30,3,0.568058979,185,165
2049,301.382028520,31,3,0.568058979,185,165
2053,302.017340305,31,3,0.659320315,185,166
2060,302.426024088,31,3,0.568058979,186,166
2072,303.700557122,30,3,0.771072616,186,168
2077,304.477369201,31,3,0.750581651,187,168
2080,304.601606803,31,3,0.750581651,187,168
2087,305.679010566,30,3,0.638829350,188,170
2100,307.752019947,29,3,0.273784007,192,171
2101,307.767830476,30,3,0.273784007,192,171
2120,310.778403951,27,3,0.547568014,193,174
2129,311.154135443,27,3,0.365045343,194,175
2140,311.990196403,25,3,0.568058979,194,177
2141,312.165094091,26,3,0.568058979,194,177
2145,312.489246123,27,3,0.659320315,195,177
2160,314.449486675,26,3,0.862333952,196,178
2161,314.603683923,27,3,0.862333952,196,178
2167,314.920149252,28,3,0.862333952,196,178
2173,315.384392965,29,3,1.156608924,196,178
2176,315.755968194,30,3,1.156608924,196,178
2180,316.663747140,31,3,1.044856623,197,178
2195,318.381817002,32,3,1.247870259,200,178
2200,319.099632351,32,3,1.044856623,202,178
2204,319.363817849,33,3,0.953595287,204,178
2220,321.625217662,32,3,0.953595287,206,179
2224,321.863988194,33,3,0.953595287,206,179
2227,322.085014026,34,3,1.044856623,206,179
2240,322.906335405,32,2,1.227379294,206,181
2246,323.258512164,32,2,1.339131595,206,182
2258,325.006938510,31,2,1.227379294,209,184
2260,325.195998158,31,2,1.136117959,210,184
2272,326.536410718,30,2,0.862333952,213,186
2278,327.267301954,30,2,0.882824917,214,187
2280,327.707718636,30,2,0.994577217,214,187
2282,328.150514936,30,2,0.994577217,214,188
2300,330.900865559,28,2,1.288852190,216,190
2304,331.768255647,29,2,1.380113525,216,190
2307,332.132753286,30,2,1.268361225,217,190
2320,333.954961125,28,2,1.268361225,218,192
2326,335.851124805,29,2,1.065347588,220,192
2332,336.533526284,28,3,0.974086252,220,194
2340,337.603351975,27,3,0.791563581,222,195
2341,337.634382365,28,3,0.791563581,222,195
2360,339.838401243,27,3,0.629531875,226,196
2368,340.755998933,28,3,0.812054546,226,196
2380,342.444247728,26,3,1.035559148,227,198
2384,342.610228561,27,3,1.035559148,227,198
2393,343.707160934,25,3,0.832545511,228,201
2400,344.425952483,25,3,0.812054546,230,201
2410,345.243234262,26,3,0.609040910,233,201
2418,346.452876621,27,3,0.791563581,233,201
2420,346.589690796,26,3,0.791563581,233,202
2433,348.498133385,24,3,0.791563581,234,205
2440,350.096925121,23,3,0.791563581,234,206
2451,351.716555384,24,3,0.609040910,236,206
2453,352.139119606,25,3,0.609040910,236,206
2457,352.511512193,26,3,0.629531875,236,206
2460,352.983600603,26,3,0.629531875,236,206
2474,354.806894179,26,3,0.958457333,236,207
2480,355.479867097,26,3,0.812054546,238,207
2490,355.912418905,25,3,0.791563581,239,209
2494,356.362394088,26,3,0.882824917,239,209
2500,356.871421569,26,3,0.791563581,240,209
2520,359.168929835,24,3,0.588549944,244,211
2521,359.226577228,25,4,0.588549944,244,211
2522,359.310083701,26,4,0.588549944,244,211
2539,360.603663077,27,4,0.826214067,245,211
2540,360.861441552,27,4,0.714461766,246,211
2553,362.865114476,27,4,0.659320315,248,212
2560,364.115305555,27,4,0.547568014,250,212
2565,365.101488012,28,4,0.862333952,250,212
2578,366.553324619,28,4,1.099998074,251,213
2579,366.560847384,29,5,1.099998074,251,213
2580,366.587815149,28,5,1.099998074,251,214
2600,368.738030038,25,5,1.573856920,253,217
2612,369.801570077,26,7,1.518715469,255,217
2620,370.744403109,24,7,1.282520745,256,219
2629,371.830160769,25,7,1.408432567,258,219
2640,372.558418487,24,6,1.282520745,259,220
2652,373.016542922,25,6,1.191259410,262,220
2660,373.897682222,26,6,0.974086252,265,220
2675,375.575330207,27,6,1.120489039,266,220
2680,376.406202021,27,6,1.315551194,267,220
2683,376.714647372,28,6,1.315551194,267,220
2684,376.971224959,29,6,1.315551194,267,220
2686,377.141280250,30,6,1.315551194,267,220
2688,377.496284031,30,6,1.315551194,267,221
2700,378.793061893,30,6,1.372162044,270,221
2703,379.244511239,31,6,1.260409743,271,221
2707,379.861577929,32,6,1.351671079,271,221
2708,379.863035876,33,6,1.351671079,271,221
2717,380.489362115,34,6,1.239918778,273,221
2720,380.585759630,33,6,1.148657442,273,222
2731,381.351536214,31,4,1.115626994,274,225
2740,383.360782536,29,3,0.841842986,277,227
2760,385.349209311,26,3,0.988245773,279,230
2779,387.473303781,26,3,1.170768445,279,231
2780,387.489658961,26,3,1.170768445,279,231
2794,389.648749620,26,3,1.373782081,281,232
2800,390.392121459,26,3,1.191259410,283,233
2803,390.843463926,27,3,1.099998074,284,233
2809,391.812713829,28,3,1.211750375,284,233
2820,393.523899869,24,3,1.140980004,285,237
2822,394.081311869,25,4,1.175630490,285,237
2824,394.171891197,26,4,1.175630490,285,237
2837,395.619294289,25,4,0.917475403,287,239
2840,395.756140882,24,4,1.029227703,287,240
2852,397.456268950,24,4,0.882824917,288,241
2860,399.503002865,24,4,1.065347588,289,241
2867,400.958040028,24,4,0.974086252,290,242
2873,401.683803912,25,4,0.974086252,290,242
2880,402.339380049,22,4,0.953595287,290,246
2886,402.904123068,23,4,0.862333952,292,246
2894,403.878992213,24,4,0.862333952,293,246
2900,404.435640623,23,3,0.862333952,293,247
2914,407.622996183,23,3,0.785232137,296,248
2916,407.849786658,23,3,0.785232137,296,249
2917,407.908895301,24,3,0.785232137,296,249
2920,408.171792529,25,3,0.785232137,296,249
2922,408.308956979,26,3,0.785232137,296,249
2937,410.228197121,26,3,0.785232137,298,250
2940,411.004914674,26,3,0.785232137,298,250
2947,411.834892305,25,3,0.876493472,298,252
2960,412.982223386,23,3,1.170768445,299,254
2964,413.229941555,24,3,1.262029780,299,254
2971,414.588384773,25,3,1.170768445,300,254
2980,415.213113361,23,3,1.079507109,302,256
2996,416.564015207,22,3,0.952125888,305,258
3000,417.726131720,22,3,0.952125888,305,258
3015,419.043302853,22,3,0.860864553,307,259
3020,419.358256494,21,3,0.972616854,307,260
3022,419.470708944,22,3,0.972616854,307,260
3026,419.835384647,20,3,0.937966368,307,263
3035,420.656688226,20,3,0.937966368,307,264
3038,421.229706393,21,3,0.937966368,307,264
3040,421.398608442,21,3,0.937966368,307,264
3049,422.440193614,21,3,0.826214067,308,265
3060,423.225705292,19,3,0.994577217,308,267
3067,424.680462109,19,3,0.903315882,308,268
3069,425.141623489,19,3,0.791563581,308,269
3071,425.302027985,20,3,0.791563581,308,269
3077,425.892169703,20,3,0.517779574,310,270
3079,426.229352593,21,3,0.517779574,310,270
3080,426.291729114,21,3,0.517779574,310,270
3089,427.063079177,20,3,0.517779574,311,272
3100,428.244150421,20,3,0.497288609,312,272
3120,430.871980911,18,3,0.791563581,313,274
3140,434.571318653,18,3,0.588549944,318,274
3143,435.011397212,19,3,0.588549944,318,274
3144,435.043798704,20,3,0.588549944,318,274
3150,435.567588693,20,3,0.643691395,319,275
3154,435.694622077,20,3,0.461168724,321,276
3160,436.539353135,20,3,0.643691395,321,276
3180,439.499808796,19,3,0.901846483,321,277
3191,440.897223896,20,3,0.790094182,322,277
3200,442.043531789,19,3,0.643691395,323,278
3220,445.125449930,18,3,0.440677759,328,279
3231,447.316873884,19,3,0.237664122,330,279
3240,448.650947667,19,3,0.258155088,331,279
3249,449.530364934,19,3,0.406027273,331,280
3254,450.409464073,19,3,0.349416423,333,281
3255,450.452526003,20,3,0.349416423,333,281
3260,450.667552470,19,3,0.607571511,333,282
3274,452.728313463,19,3,0.628062476,333,283
3280,453.855581203,19,3,0.628062476,333,283
3281,453.867808778,20,3,0.628062476,333,283
3287,455.280113789,21,3,0.719323812,333,283
3299,456.629506414,22,3,0.790094182,335,283
3300,456.641073187,22,3,0.790094182,335,283
3310,458.048233302,22,3,0.440677759,339,284
3311,458.159779721,23,3,0.440677759,339,284
3320,459.057366058,24,4,0.531939095,340,284
3324,460.521622234,25,4,0.755443696,340,284
3330,461.175048342,26,4,0.664182361,341,284
3333,461.709091678,26,5,0.664182361,341,285
3340,462.052358621,25,5,0.901846483,342,286
3343,462.170552854,26,5,0.936496969,342,286
3344,462.280329368,27,5,0.936496969,342,286
3360,463.300735212,25,5,0.881355518,344,288
3363,463.880749466,26,5,0.734952731,345,288
3371,464.925531862,27,5,0.643691395,346,288
3380,466.401392568,25,4,0.643691395,348,290
3387,467.215266844,26,4,0.734952731,349,290
3395,468.069082032,26,4,0.846705032,350,291
3400,468.359472169,25,4,0.846705032,350,292
3408,468.858685101,25,4,0.643691395,352,293
3416,470.403721436,24,4,0.552430060,353,295
3420,470.691299929,24,4,0.552430060,353,295
3427,472.005962247,23,4,0.426518238,355,297
3439,473.448426400,23,4,0.406027273,356,298
3440,473.539138928,23,4,0.406027273,356,298
3446,474.320503084,23,4,0.609040910,356,299
3449,474.451430213,24,4,0.517779574,357,299
3451,474.504587146,25,4,0.517779574,357,299
3452,474.828188090,26,4,0.517779574,357,299
3459,475.456832729,25,4,0.712841729,357,301
3460,475.538810916,25,4,0.601089428,358,301
3480,477.614503786,24,4,0.824594030,359,302
3500,479.517426607,22,3,0.867195997,361,304
3503,479.996049148,23,3,0.867195997,361,304
3504,480.070429947,24,3,0.867195997,361,304
3511,481.406702229,25,3,0.755443696,362,304
3517,482.182963419,26,3,0.958457333,362,304
3518,482.384707762,27,3,0.958457333,362,304
3520,482.490668132,26,3,0.846705032,363,305
3537,484.129225210,25,3,0.664182361,365,307
3540,484.536261473,25,3,0.664182361,366,307
3541,484.555366714,26,3,0.698832846,366,307
3550,485.515008819,27,3,0.881355518,366,307
3551,485.564975816,28,3,0.881355518,366,307
3560,486.049858907,26,3,0.846705032,366,309
3572,488.332707849,27,3,0.846705032,367,309
3580,489.474300226,27,3,0.937966368,369,309
3589,490.481714214,27,3,0.937966368,370,310
3600,491.517170237,26,3,1.065347588,371,311
3609,493.005235108,26,3,0.974086252,372,312
3620,495.519443806,25,3,1.120489039,373,313
3623,495.681521314,26,3,1.008736738,374,313
3639,497.393855507,27,3,0.734952731,378,313
3640,497.399919976,27,3,0.734952731,378,313
3646,497.685768341,28,3,0.714461766,379,313
3656,499.656187276,29,3,0.937966368,380,313
3657,499.803534895,30,3,0.958457333,380,313
3660,499.921454469,29,3,0.958457333,380,314
3662,500.045651997,30,3,0.958457333,380,314
3669,500.426814710,30,3,0.812054546,381,315
3676,501.463901651,30,3,0.812054546,382,316
3680,501.791936652,30,3,0.903315882,382,316
3692,503.493682382,30,3,1.161470969,384,317
3700,504.022000090,29,3,1.161470969,385,318
3720,506.067717010,28,3,1.440117022,389,319
3730,507.106180134,29,3,1.566028843,390,319
3732,507.204833421,30,3,1.454276543,391,319
3740,507.857081831,27,3,1.251262906,393,322
3749,508.315317503,28,4,1.230771941,394,322
3753,508.710005128,28,4,1.139510605,394,323
3755,509.192940004,29,4,1.251262906,394,323
3760,510.142908546,29,4,1.454276543,394,323
3780,512.324463275,29,4,1.216612420,398,323
3788,513.008293353,29,4,1.216612420,398,324
3792,513.478580695,30,6,1.348855686,398,324
3795,513.517830772,31,6,1.348855686,398,324
3800,514.001793728,31,6,1.257594350,399,324
3820,516.206770212,32,6,1.474767508,403,324
3833,517.928435001,32,6,1.160001570,406,325
3840,518.499617243,28,6,0.922337448,407,329
3842,518.680257909,29,6,0.810585147,408,329
3843,518.789573125,30,6,0.810585147,408,329
3860,520.680157860,29,5,0.956987934,410,330
3877,522.952707365,27,5,1.012129385,412,333
3879,523.128449981,28,5,1.012129385,412,333
3880,523.461458783,28,5,1.012129385,412,333
3884,523.745227419,28,4,1.082899756,412,334
3900,525.442506852,26,4,0.936496969,415,336
3901,525.508784400,27,4,0.936496969,415,336
3902,525.531744507,28,4,0.936496969,415,336
3903,526.047238261,29,4,0.936496969,415,336
3910,527.129079885,30,4,1.251262906,415,336
3919,527.661206434,31,4,1.049718668,418,336
3920,527.682920417,30,4,1.049718668,418,337
3929,529.396391664,31,4,0.958457333,419,337
3934,530.013433698,30,4,0.812054546,419,339
3940,530.944129673,29,4,0.812054546,420,340
3954,533.698927370,28,4,0.741284175,422,342
3958,533.918912649,29,4,0.720793210,423,342
3960,534.067938472,30,4,0.720793210,423,342
3976,536.106783051,26,4,0.958457333,423,347
3977,536.129569525,27,4,0.958457333,423,347
3980,536.463235098,26,4,0.812054546,423,348
3982,536.518905100,27,4,0.812054546,423,348
3994,537.576545864,26,4,0.966134771,424,350
4000,538.057458556,27,4,0.966134771,424,350
4002,538.371515838,28,4,0.791563581,425,350
4020,539.929348901,25,4,0.923806847,428,353
4021,540.088200330,26,4,0.923806847,428,353
4026,540.885522194,26,4,0.700302245,430,354
4029,541.016175555,27,4,0.700302245,430,354
4040,542.315233583,27,4,0.882824917,431,354
4060,544.370360846,27,4,0.923806847,433,354
4080,546.065507981,24,4,1.140980004,434,357
4088,546.494403566,25,4,1.175630490,434,357
4092,547.238297768,26,4,1.175630490,434,357
4100,547.754702656,26,4,0.937966368,436,357
4101,548.104963400,27,4,0.937966368,436,357
4112,550.227115439,26,4,0.923806847,437,359
4116,550.475634884,26,4,0.812054546,438,360
4120,550.794294806,25,4,0.812054546,438,361
4128,551.697652709,25,4,0.832545511,438,362
4140,553.292870379,22,4,0.832545511,439,365
4143,553.905440659,23,4,0.832545511,439,365
4153,555.688278345,23,4,0.915855365,440,366
4158,556.323212216,23,3,0.867195997,440,367
4160,556.474910699,23,3,0.867195997,440,367
4165,557.038091615,23,3,0.867195997,440,368
4180,558.518617685,22,3,0.609040910,443,369
4181,558.567822399,23,3,0.609040910,443,369
4186,558.953735145,24,3,0.609040910,443,369
4200,560.754717886,24,3,1.035559148,443,369
4206,561.541088823,25,3,0.923806847,444,369
4207,561.720041569,26,3,0.923806847,444,369
4220,564.225354199,25,3,0.812054546,445,370
4222,564.688395941,26,3,0.812054546,445,370
4231,565.375171029,26,3,0.720793210,446,371
4234,565.730107772,27,3,0.609040910,447,371
4240,566.168750524,27,3,0.720793210,447,371
4245,566.986024564,28,3,0.629531875,448,371
4247,567.084319882,29,3,0.741284175,448,371
4260,569.713046717,29,3,0.853036476,450,371
4269,570.915527396,29,3,1.035559148,451,372
4280,572.887408499,29,3,0.994577217,454,372
4294,574.349042474,29,3,1.268361225,454,373
4300,575.218641851,27,3,0.974086252,455,375
4305,575.445519960,28,3,0.882824917,456,375
4309,576.133834115,29,3,0.903315882,457,375
4310,576.169075724,30,4,0.937966368,457,375
4320,577.350457050,27,3,0.791563581,459,378
4333,579.665017597,28,3,0.994577217,460,378
4338,580.680471840,28,3,1.015068183,461,379
4340,580.711211371,29,3,1.015068183,461,379
4346,581.649341184,28,3,0.923806847,462,381
4360,583.661571903,28,3,1.177099889,463,381
4366,584.175305235,29,3,1.288852190,464,381
4368,584.561848785,30,3,1.197590854,465,381
4373,585.114557207,31,3,1.218081819,466,381
4380,586.316561247,31,3,1.218081819,467,381
4382,586.510367175,32,3,1.309343155,467,381
4399,589.371544574,32,3,1.400604490,470,382
4400,589.590738631,32,3,1.400604490,470,382
4404,590.166598965,32,3,1.491865826,470,383
4417,591.768713342,32,3,1.380113525,473,384
4419,592.159348104,33,3,1.380113525,473,384
4420,592.264501185,33,3,1.380113525,473,384
4440,594.725594970,29,2,1.309343155,477,388
4457,596.247453207,29,5,1.496727872,478,389
4460,596.661740581,29,5,1.384975571,479,389
4461,596.733322911,30,6,1.433634939,479,389
4477,598.810461983,29,6,1.762560397,481,391
4480,599.129624146,29,6,1.762560397,481,391
4487,599.884348485,29,6,1.762560397,481,392
4487,600.000000000,29,6,1.762560397,481,392
