system_id,reaction_id,ligand_class,ref_log,ts_log,product_log,method,basis,energy_treatment,e_ref_hartree,e_ts_hartree,e_product_hartree,barrier_forward_kj_mol,barrier_reverse_kj_mol,reaction_energy_kj_mol,imaginary_frequencies_cm_1,normal_termination,parse_status,notes
c2o4,source-calculation,oxalate,dft/results/c2o4/c2o4.freq.log,,,B3LYP,6-31g*,electronic+ZPE,-376.985662000000,,,,,,,true,unmatched,Unmatched source calculation; 2 log(s) parsed: dft/results/c2o4/c2o4.freq.log;dft/results/c2o4/c2o4.log.
c2o4-strained,source-calculation,oxalate,dft/results/c2o4-strained/c2o4-s.freq.log,,,B3LYP,6-31g*,electronic+ZPE,-376.978264000000,,,,,,,true,unmatched,Unmatched source calculation; 1 log(s) parsed: dft/results/c2o4-strained/c2o4-s.freq.log.
h10c4sialo11,source-calculation,succinate,dft/results/h10c4sialo11/sialsu-b3lyp.freq.log,,,B3LYP,6-31g*,electronic+ZPE,-1517.920360000000,,,,,,-61.309,true,unmatched,Unmatched source calculation; 2 log(s) parsed: dft/results/h10c4sialo11/sialsu-b3lyp.freq.log;dft/results/h10c4sialo11/sialsu-b3lyp.log.
h10c4sialo11+h2o,source-calculation,succinate,dft/results/h10c4sialo11+h2o/sialsuw-b3lyp.freq.log,,,B3LYP,6-31g*,electronic+ZPE,-1594.342625000000,,,,,,-21.167,true,unmatched,Unmatched source calculation; 1 log(s) parsed: dft/results/h10c4sialo11+h2o/sialsuw-b3lyp.freq.log.
h11c4sialo11,source-calculation,succinate,dft/results/h11c4sialo11/sialhsu-b3lyp.freq.log,,,B3LYP,6-31g*,electronic+ZPE,-1518.703901000000,,,,,,-223.934;-154.006,true,unmatched,Unmatched source calculation; 2 log(s) parsed: dft/results/h11c4sialo11/sialhsu-b3lyp.freq.log;dft/results/h11c4sialo11/sialhsu-b3lyp.log.
h11c4sialo11+h2o,source-calculation,succinate,dft/results/h11c4sialo11+h2o/sialhsuw-b3lyp.freq.log,,,B3LYP,6-31g*,electronic+ZPE,-1595.140119000000,,,,,,-9.288,true,unmatched,Unmatched source calculation; 2 log(s) parsed: dft/results/h11c4sialo11+h2o/sialhsuw-b3lyp.freq.log;dft/results/h11c4sialo11+h2o/sialhsuw-b3lyp.log.
h2c2o4,source-calculation,oxalate,dft/results/h2c2o4/h2c2o4.freq.log,,,B3LYP,6-31g*,electronic+ZPE,-378.262018000000,,,,,,,true,unmatched,Unmatched source calculation; 2 log(s) parsed: dft/results/h2c2o4/h2c2o4.freq.log;dft/results/h2c2o4/h2c2o4.log.
h2c3o4,source-calculation,malonate,dft/results/h2c3o4/h2c3o4.freq.log,,,B3LYP,6-31g*,electronic+ZPE,-416.302154000000,,,,,,,true,unmatched,Unmatched source calculation; 2 log(s) parsed: dft/results/h2c3o4/h2c3o4.freq.log;dft/results/h2c3o4/h2c3o4.log.
h2c3o4-strained,source-calculation,malonate,dft/results/h2c3o4-strained/h2c3o4-s.freq.log,,,B3LYP,6-31g*,electronic+ZPE,-416.283534000000,,,,,,,true,unmatched,Unmatched source calculation; 1 log(s) parsed: dft/results/h2c3o4-strained/h2c3o4-s.freq.log.
h2o,source-calculation,water,dft/results/h2o/h2o.freq.log,,,B3LYP,6-31g*,electronic+ZPE,-76.387600000000,,,,,,,true,unmatched,Unmatched source calculation; 2 log(s) parsed: dft/results/h2o/h2o.freq.log;dft/results/h2o/h2o.log.
h3alo3,source-calculation,unliganded,dft/results/h3alo3/h3alo3.freq.log,,,B3LYP,6-31g*,electronic+ZPE,-470.014152000000,,,,,,-164.746;-54.536;-42.532,true,unmatched,Unmatched source calculation; 2 log(s) parsed: dft/results/h3alo3/h3alo3.freq.log;dft/results/h3alo3/h3alo3.log.
h3c2alo7,source-calculation,oxalate,dft/results/h3c2alo7/h3c2alo7.freq.log,,,B3LYP,6-31g*,electronic+ZPE,-847.170168000000,,,,,,,true,unmatched,Unmatched source calculation; 3 log(s) parsed: dft/results/h3c2alo7/h3c2alo7-2.log;dft/results/h3c2alo7/h3c2alo7.freq.log;dft/results/h3c2alo7/h3c2alo7.log.
h3c3o4,source-calculation,malonate,dft/results/h3c3o4/h3c3o4.freq.log,,,B3LYP,6-31g*,electronic+ZPE,-417.015069000000,,,,,,,true,unmatched,Unmatched source calculation; 3 log(s) parsed: dft/results/h3c3o4/h3c3o4-2.log;dft/results/h3c3o4/h3c3o4.freq.log;dft/results/h3c3o4/h3c3o4.log.
h3o,source-calculation,water,dft/results/h3o/h3o.freq.log,,,B3LYP,6-31g*,electronic+ZPE,-76.652646000000,,,,,,-756.437,true,unmatched,Unmatched source calculation; 2 log(s) parsed: dft/results/h3o/h3o.freq.log;dft/results/h3o/h3o.log.
h3o2,source-calculation,water,dft/results/h3o2/h3o2.freq.log,,,B3LYP,6-31g*,electronic+ZPE,-152.173921000000,,,,,,-163.752,true,unmatched,Unmatched source calculation; 1 log(s) parsed: dft/results/h3o2/h3o2.freq.log.
h4alo4,source-calculation,unliganded,dft/results/h4alo4/h4alo4.freq.log,,,B3LYP,6-31g*,electronic+ZPE,-545.917743000000,,,,,,-116.042;-109.039;-67.926,true,unmatched,Unmatched source calculation; 3 log(s) parsed: dft/results/h4alo4/h4alo4-2.log;dft/results/h4alo4/h4alo4.freq.log;dft/results/h4alo4/h4alo4.log.
h4c2alo8,source-calculation,oxalate,dft/results/h4c2alo8/h4c2alo8.freq.log,,,B3LYP,6-31g*,electronic+ZPE,-922.703613000000,,,,,,,true,unmatched,Unmatched source calculation; 2 log(s) parsed: dft/results/h4c2alo8/h4c2alo8.freq.log;dft/results/h4c2alo8/h4c2alo8.log.
h4c3o4,source-calculation,malonate,dft/results/h4c3o4/h4c3o4.freq.log,,,B3LYP,6-31g*,electronic+ZPE,-417.561429000000,,,,,,,true,unmatched,Unmatched source calculation; 2 log(s) parsed: dft/results/h4c3o4/h4c3o4.freq.log;dft/results/h4c3o4/h4c3o4.log.
h4c4o4,source-calculation,succinate,dft/results/h4c4o4/h4c4o4.freq.log,,,B3LYP,6-31g*,electronic+ZPE,-455.613032000000,,,,,,,true,unmatched,Unmatched source calculation; 2 log(s) parsed: dft/results/h4c4o4/h4c4o4.freq.log;dft/results/h4c4o4/h4c4o4.log.
h4c4o4-strained,source-calculation,succinate,dft/results/h4c4o4-strained/h4c4o4-s.freq.log,,,B3LYP,6-31g*,electronic+ZPE,-455.580935000000,,,,,,,true,unmatched,Unmatched source calculation; 1 log(s) parsed: dft/results/h4c4o4-strained/h4c4o4-s.freq.log.
h4o2,source-calculation,water,dft/results/h4o2/h4o2.freq.log,,,B3LYP,6-31g*,electronic+ZPE,-152.784162000000,,,,,,-255.416;-127.664;-82.838,true,unmatched,Unmatched source calculation; 2 log(s) parsed: dft/results/h4o2/h4o2.freq.log;dft/results/h4o2/h4o2.log.
h4sio4,source-calculation,water,dft/results/h4sio4/h4sio4.freq.log,,,B3LYP,6-31g*,electronic+ZPE,-592.911551000000,,,,,,-229.944;-206.605;-204.224;-165.199,true,unmatched,Unmatched source calculation; 2 log(s) parsed: dft/results/h4sio4/h4sio4.freq.log;dft/results/h4sio4/h4sio4.log.
h5c3alo7,source-calculation,malonate,dft/results/h5c3alo7/h5c3alo7.freq.log,,,B3LYP,6-31g*,electronic+ZPE,-886.455836000000,,,,,,,true,unmatched,Unmatched source calculation; 3 log(s) parsed: dft/results/h5c3alo7/h5c3alo7-2.log;dft/results/h5c3alo7/h5c3alo7.freq.log;dft/results/h5c3alo7/h5c3alo7.log.
h5c4o4,source-calculation,succinate,dft/results/h5c4o4/h5c4o4.freq.log,,,B3LYP,6-31g*,electronic+ZPE,-456.296312000000,,,,,,,true,unmatched,Unmatched source calculation; 2 log(s) parsed: dft/results/h5c4o4/h5c4o4.freq.log;dft/results/h5c4o4/h5c4o4.log.
h5o2,source-calculation,water,dft/results/h5o2/h5o2.freq.log,,,B3LYP,6-31g*,electronic+ZPE,-153.105461000000,,,,,,-550.896;-550.793;-244.240,true,unmatched,Unmatched source calculation; 2 log(s) parsed: dft/results/h5o2/h5o2.freq.log;dft/results/h5o2/h5o2.log.
h6c2sialo11,source-calculation,oxalate,dft/results/h6c2sialo11/sialox-b3lyp.freq.log,,,B3LYP,6-31g*,electronic+ZPE,-1439.345822000000,,,,,,-36.842,true,unmatched,Unmatched source calculation; 2 log(s) parsed: dft/results/h6c2sialo11/sialox-b3lyp.freq.log;dft/results/h6c2sialo11/sialox-b3lyp.log.
h6c2sialo11+h2o,source-calculation,oxalate,dft/results/h6c2sialo11+h2o/sialoxw-b3lyp.freq.log,,,B3LYP,6-31g*,electronic+ZPE,-1515.773640000000,,,,,,-52.331,true,unmatched,Unmatched source calculation; 1 log(s) parsed: dft/results/h6c2sialo11+h2o/sialoxw-b3lyp.freq.log.
h6c3alo8,source-calculation,malonate,dft/results/h6c3alo8/h6c3alo8.freq.log,,,B3LYP,6-31g*,electronic+ZPE,-962.091481000000,,,,,,-57.554,true,unmatched,Unmatched source calculation; 2 log(s) parsed: dft/results/h6c3alo8/h6c3alo8-freq.log;dft/results/h6c3alo8/h6c3alo8.freq.log.
h6c4o4,source-calculation,succinate,dft/results/h6c4o4/h6c4o4.freq.log,,,B3LYP,6-31g*,electronic+ZPE,-456.847339000000,,,,,,,true,unmatched,Unmatched source calculation; 2 log(s) parsed: dft/results/h6c4o4/h6c4o4.freq.log;dft/results/h6c4o4/h6c4o4.log.
h6sialo7,source-calculation,unliganded,dft/results/h6sialo7/sial-b3lyp.freq.log,,,B3LYP,6-31g*,electronic+ZPE,-1062.480424000000,,,,,,-224.355;-123.403;-94.264;-45.916,true,unmatched,Unmatched source calculation; 2 log(s) parsed: dft/results/h6sialo7/sial-b3lyp.freq.log;dft/results/h6sialo7/sial-b3lyp.log.
h6sialo7+h2o,source-calculation,unliganded,dft/results/h6sialo7+h2o/sialw-b3lyp.freq.log,,,B3LYP,6-31g*,electronic+ZPE,-1138.886309000000,,,,,,-281.601;-49.088,true,unmatched,Unmatched source calculation; 1 log(s) parsed: dft/results/h6sialo7+h2o/sialw-b3lyp.freq.log.
h7c2sialo11,source-calculation,oxalate,dft/results/h7c2sialo11/sialhox-b3lyp.freq.log,,,B3LYP,6-31g*,electronic+ZPE,-1440.166170000000,,,,,,-52.097,true,unmatched,Unmatched source calculation; 2 log(s) parsed: dft/results/h7c2sialo11/sialhox-b3lyp.freq.log;dft/results/h7c2sialo11/sialhox-b3lyp.log.
h7c2sialo11+h2o,source-calculation,oxalate,dft/results/h7c2sialo11+h2o/sialhoxw-b3lyp.freq.log,,,B3LYP,6-31g*,electronic+ZPE,-1516.578195000000,,,,,,-36.824,true,unmatched,Unmatched source calculation; 1 log(s) parsed: dft/results/h7c2sialo11+h2o/sialhoxw-b3lyp.freq.log.
h7c4alo7,source-calculation,succinate,dft/results/h7c4alo7/h7c4alo7.freq.log,,,B3LYP,6-31g*,electronic+ZPE,-925.750858000000,,,,,,,true,unmatched,Unmatched source calculation; 3 log(s) parsed: dft/results/h7c4alo7/h7c4alo7-2.log;dft/results/h7c4alo7/h7c4alo7.freq.log;dft/results/h7c4alo7/h7c4alo7.log.
h7sialo7,source-calculation,unliganded,dft/results/h7sialo7/sialh-b3lyp.freq.log,,,B3LYP,6-31g*,electronic+ZPE,-1062.974872000000,,,,,,-340.712;-243.723;-237.556;-161.147;-57.334,true,unmatched,Unmatched source calculation; 2 log(s) parsed: dft/results/h7sialo7/sialh-b3lyp.freq.log;dft/results/h7sialo7/sialh-b3lyp.log.
h7sialo7+h2o,source-calculation,unliganded,dft/results/h7sialo7+h2o/sialhw-b3lyp.freq.log,,,B3LYP,6-31g*,electronic+ZPE,-1139.390135000000,,,,,,-290.932;-268.267;-103.895;-63.163,true,unmatched,Unmatched source calculation; 1 log(s) parsed: dft/results/h7sialo7+h2o/sialhw-b3lyp.freq.log.
h8c3sialo11,source-calculation,malonate,dft/results/h8c3sialo11/sialma-b3lyp.freq.log,,,B3LYP,6-31g*,electronic+ZPE,-1478.636528000000,,,,,,-34.571,true,unmatched,Unmatched source calculation; 2 log(s) parsed: dft/results/h8c3sialo11/sialma-b3lyp.freq.log;dft/results/h8c3sialo11/sialma-b3lyp.log.
h8c3sialo11+h2o,source-calculation,malonate,dft/results/h8c3sialo11+h2o/sialmaw-b3lyp.freq.log,,,B3LYP,6-31g*,electronic+ZPE,-1555.064479000000,,,,,,-54.484;-17.539,true,unmatched,Unmatched source calculation; 1 log(s) parsed: dft/results/h8c3sialo11+h2o/sialmaw-b3lyp.freq.log.
h8c4alo8,source-calculation,succinate,dft/results/h8c4alo8/h8c4alo8.freq.log,,,B3LYP,6-31g*,electronic+ZPE,-1001.527668000000,,,,,,,true,unmatched,Unmatched source calculation; 3 log(s) parsed: dft/results/h8c4alo8/h8c4alo8-2.log;dft/results/h8c4alo8/h8c4alo8.freq.log;dft/results/h8c4alo8/h8c4alo8.log.
h8si2o8,source-calculation,water,dft/results/h8si2o8/h8si2o8.freq.log,,,B3LYP,6-31g*,electronic+ZPE,-1185.841496000000,,,,,,-246.082;-242.575;-229.766;-207.847;-181.698;-179.576;-56.978;-45.722,true,unmatched,Unmatched source calculation; 3 log(s) parsed: dft/results/h8si2o8/h8si2o8-2.log;dft/results/h8si2o8/h8si2o8.freq.log;dft/results/h8si2o8/h8si2o8.log.
h9c3sialo11,source-calculation,malonate,dft/results/h9c3sialo11/sialhma-b3lyp.freq.log,,,B3LYP,6-31g*,electronic+ZPE,-1479.451212000000,,,,,,-48.559;-34.961,true,unmatched,Unmatched source calculation; 2 log(s) parsed: dft/results/h9c3sialo11/sialhma-b3lyp.freq.log;dft/results/h9c3sialo11/sialhma-b3lyp.log.
h9c3sialo11+h2o,source-calculation,malonate,dft/results/h9c3sialo11+h2o/sialhmaw-b3lyp.freq.log,,,B3LYP,6-31g*,electronic+ZPE,-1555.855316000000,,,,,,-135.135,true,unmatched,Unmatched source calculation; 1 log(s) parsed: dft/results/h9c3sialo11+h2o/sialhmaw-b3lyp.freq.log.
hc2o4,source-calculation,oxalate,dft/results/hc2o4/hc2o4.freq.log,,,B3LYP,6-31g*,electronic+ZPE,-377.722116000000,,,,,,,true,unmatched,Unmatched source calculation; 2 log(s) parsed: dft/results/hc2o4/hc2o4.freq.log;dft/results/hc2o4/hc2o4.log.
oh,source-calculation,unliganded,dft/results/oh/oh.freq.log,,,B3LYP,6-31g*,electronic+ZPE,-75.713176000000,,,,,,,true,unmatched,Unmatched source calculation; 1 log(s) parsed: dft/results/oh/oh.freq.log.
ch4-water-a,ch4-water-a,water,dft/results/h6sialo7/sial-b3lyp.freq.log;dft/results/h4o2/h4o2.freq.log,,dft/results/h6sialo7+h2o/sialw-b3lyp.freq.log;dft/results/h2o/h2o.freq.log,B3LYP,6-31g*,electronic+ZPE,-1215.264586000000,,-1215.273909000000,,,-24.478,,true,unmatched,"Chapter 4 reaction-energy candidate; no TS log exists, so barriers are blank. Thesis=-5.9 kcal/mol; parsed=-5.9 kcal/mol; delta=+0.05 kcal/mol."
ch4-water-b,ch4-water-b,water,dft/results/h6sialo7/sial-b3lyp.freq.log;dft/results/h5o2/h5o2.freq.log,,dft/results/h7sialo7/sialh-b3lyp.freq.log;dft/results/h4o2/h4o2.freq.log,B3LYP,6-31g*,electronic+ZPE,-1215.585885000000,,-1215.759034000000,,,-454.603,,true,unmatched,"Chapter 4 reaction-energy candidate; no TS log exists, so barriers are blank. Thesis=-108.7 kcal/mol; parsed=-108.7 kcal/mol; delta=+0.05 kcal/mol."
ch4-water-c,ch4-water-c,water,dft/results/h7sialo7/sialh-b3lyp.freq.log;dft/results/h4o2/h4o2.freq.log,,dft/results/h7sialo7+h2o/sialhw-b3lyp.freq.log;dft/results/h2o/h2o.freq.log,B3LYP,6-31g*,electronic+ZPE,-1215.759034000000,,-1215.777735000000,,,-49.099,,true,unmatched,"Chapter 4 reaction-energy candidate; no TS log exists, so barriers are blank. Thesis=-11.7 kcal/mol; parsed=-11.7 kcal/mol; delta=-0.04 kcal/mol."
ch4-oxalate-a,ch4-oxalate-a,oxalate,dft/results/h6sialo7/sial-b3lyp.freq.log;dft/results/c2o4/c2o4.freq.log,,dft/results/h6c2sialo11/sialox-b3lyp.freq.log,B3LYP,6-31g*,electronic+ZPE,-1439.466086000000,,-1439.345822000000,,,315.753,,true,unmatched,"Chapter 4 reaction-energy candidate; no TS log exists, so barriers are blank. Thesis=75.5 kcal/mol; parsed=75.5 kcal/mol; delta=-0.03 kcal/mol."
ch4-oxalate-b,ch4-oxalate-b,oxalate,dft/results/h6sialo7+h2o/sialw-b3lyp.freq.log;dft/results/c2o4/c2o4.freq.log,,dft/results/h6c2sialo11+h2o/sialoxw-b3lyp.freq.log,B3LYP,6-31g*,electronic+ZPE,-1515.871971000000,,-1515.773640000000,,,258.168,,true,unmatched,"Chapter 4 reaction-energy candidate; no TS log exists, so barriers are blank. Thesis=61.7 kcal/mol; parsed=61.7 kcal/mol; delta=+0.00 kcal/mol."
ch4-oxalate-c,ch4-oxalate-c,oxalate,dft/results/h6c2sialo11/sialox-b3lyp.freq.log;dft/results/h4o2/h4o2.freq.log,,dft/results/h6c2sialo11+h2o/sialoxw-b3lyp.freq.log;dft/results/h2o/h2o.freq.log,B3LYP,6-31g*,electronic+ZPE,-1592.129984000000,,-1592.161240000000,,,-82.063,,true,unmatched,"Chapter 4 reaction-energy candidate; no TS log exists, so barriers are blank. Thesis=-19.6 kcal/mol; parsed=-19.6 kcal/mol; delta=-0.01 kcal/mol."
ch4-oxalate-d,ch4-oxalate-d,oxalate,dft/results/h7sialo7/sialh-b3lyp.freq.log;dft/results/c2o4/c2o4.freq.log,,dft/results/h7c2sialo11/sialhox-b3lyp.freq.log,B3LYP,6-31g*,electronic+ZPE,-1439.960534000000,,-1440.166170000000,,,-539.897,,true,unmatched,"Chapter 4 reaction-energy candidate; no TS log exists, so barriers are blank. Thesis=-129.0 kcal/mol; parsed=-129.0 kcal/mol; delta=-0.04 kcal/mol."
ch4-oxalate-e,ch4-oxalate-e,oxalate,dft/results/h7sialo7+h2o/sialhw-b3lyp.freq.log;dft/results/c2o4/c2o4.freq.log,,dft/results/h7c2sialo11+h2o/sialhoxw-b3lyp.freq.log,B3LYP,6-31g*,electronic+ZPE,-1516.375797000000,,-1516.578195000000,,,-531.396,,true,unmatched,"Chapter 4 reaction-energy candidate; no TS log exists, so barriers are blank. Thesis=-127.0 kcal/mol; parsed=-127.0 kcal/mol; delta=-0.01 kcal/mol."
ch4-oxalate-f,ch4-oxalate-f,oxalate,dft/results/h7c2sialo11/sialhox-b3lyp.freq.log;dft/results/h4o2/h4o2.freq.log,,dft/results/h7c2sialo11+h2o/sialhoxw-b3lyp.freq.log;dft/results/h2o/h2o.freq.log,B3LYP,6-31g*,electronic+ZPE,-1592.950332000000,,-1592.965795000000,,,-40.598,,true,unmatched,"Chapter 4 reaction-energy candidate; no TS log exists, so barriers are blank. Thesis=-9.7 kcal/mol; parsed=-9.7 kcal/mol; delta=-0.00 kcal/mol."
ch4-malonate-a,ch4-malonate-a,malonate,dft/results/h6sialo7/sial-b3lyp.freq.log;dft/results/h2c3o4/h2c3o4.freq.log,,dft/results/h8c3sialo11/sialma-b3lyp.freq.log,B3LYP,6-31g*,electronic+ZPE,-1478.782578000000,,-1478.636528000000,,,383.454,,true,unmatched,"Chapter 4 reaction-energy candidate; no TS log exists, so barriers are blank. Thesis=91.6 kcal/mol; parsed=91.6 kcal/mol; delta=+0.05 kcal/mol."
ch4-malonate-b,ch4-malonate-b,malonate,dft/results/h6sialo7+h2o/sialw-b3lyp.freq.log;dft/results/h2c3o4/h2c3o4.freq.log,,dft/results/h8c3sialo11+h2o/sialmaw-b3lyp.freq.log,B3LYP,6-31g*,electronic+ZPE,-1555.188463000000,,-1555.064479000000,,,325.520,,true,unmatched,"Chapter 4 reaction-energy candidate; no TS log exists, so barriers are blank. Thesis=77.8 kcal/mol; parsed=77.8 kcal/mol; delta=+0.00 kcal/mol."
ch4-malonate-c,ch4-malonate-c,malonate,dft/results/h8c3sialo11/sialma-b3lyp.freq.log;dft/results/h4o2/h4o2.freq.log,,dft/results/h8c3sialo11+h2o/sialmaw-b3lyp.freq.log;dft/results/h2o/h2o.freq.log,B3LYP,6-31g*,electronic+ZPE,-1631.420690000000,,-1631.452079000000,,,-82.412,,true,unmatched,"Chapter 4 reaction-energy candidate; no TS log exists, so barriers are blank. Thesis=-19.7 kcal/mol; parsed=-19.7 kcal/mol; delta=+0.00 kcal/mol."
ch4-malonate-d,ch4-malonate-d,malonate,dft/results/h7sialo7/sialh-b3lyp.freq.log;dft/results/h2c3o4/h2c3o4.freq.log,,dft/results/h9c3sialo11/sialhma-b3lyp.freq.log,B3LYP,6-31g*,electronic+ZPE,-1479.277026000000,,-1479.451212000000,,,-457.325,,true,unmatched,"Chapter 4 reaction-energy candidate; no TS log exists, so barriers are blank. Thesis=-109.3 kcal/mol; parsed=-109.3 kcal/mol; delta=-0.00 kcal/mol."
ch4-malonate-e,ch4-malonate-e,malonate,dft/results/h7sialo7+h2o/sialhw-b3lyp.freq.log;dft/results/h2c3o4/h2c3o4.freq.log,,dft/results/h9c3sialo11+h2o/sialhmaw-b3lyp.freq.log,B3LYP,6-31g*,electronic+ZPE,-1555.692289000000,,-1555.855316000000,,,-428.027,,true,unmatched,"Chapter 4 reaction-energy candidate; no TS log exists, so barriers are blank. Thesis=-102.3 kcal/mol; parsed=-102.3 kcal/mol; delta=-0.00 kcal/mol."
ch4-malonate-f,ch4-malonate-f,malonate,dft/results/h9c3sialo11/sialhma-b3lyp.freq.log;dft/results/h4o2/h4o2.freq.log,,dft/results/h9c3sialo11+h2o/sialhmaw-b3lyp.freq.log;dft/results/h2o/h2o.freq.log,B3LYP,6-31g*,electronic+ZPE,-1632.235374000000,,-1632.242916000000,,,-19.802,,true,unmatched,"Chapter 4 reaction-energy candidate; no TS log exists, so barriers are blank. Thesis=-4.7 kcal/mol; parsed=-4.7 kcal/mol; delta=-0.03 kcal/mol."
ch4-succinate-a,ch4-succinate-a,succinate,dft/results/h6sialo7/sial-b3lyp.freq.log;dft/results/h4c4o4/h4c4o4.freq.log,,dft/results/h10c4sialo11/sialsu-b3lyp.freq.log,B3LYP,6-31g*,electronic+ZPE,-1518.093456000000,,-1517.920360000000,,,454.463,,true,unmatched,"Chapter 4 reaction-energy candidate; no TS log exists, so barriers are blank. Thesis=108.6 kcal/mol; parsed=108.6 kcal/mol; delta=+0.02 kcal/mol."
ch4-succinate-b,ch4-succinate-b,succinate,dft/results/h6sialo7+h2o/sialw-b3lyp.freq.log;dft/results/h4c4o4/h4c4o4.freq.log,,dft/results/h10c4sialo11+h2o/sialsuw-b3lyp.freq.log,B3LYP,6-31g*,electronic+ZPE,-1594.499341000000,,-1594.342625000000,,,411.458,,true,unmatched,"Chapter 4 reaction-energy candidate; no TS log exists, so barriers are blank. Thesis=98.3 kcal/mol; parsed=98.3 kcal/mol; delta=+0.04 kcal/mol."
ch4-succinate-c,ch4-succinate-c,succinate,dft/results/h10c4sialo11/sialsu-b3lyp.freq.log;dft/results/h4o2/h4o2.freq.log,,dft/results/h10c4sialo11+h2o/sialsuw-b3lyp.freq.log;dft/results/h2o/h2o.freq.log,B3LYP,6-31g*,electronic+ZPE,-1670.704522000000,,-1670.730225000000,,,-67.483,,true,unmatched,"Chapter 4 reaction-energy candidate; no TS log exists, so barriers are blank. Thesis=-16.1 kcal/mol; parsed=-16.1 kcal/mol; delta=-0.03 kcal/mol."
ch4-succinate-d,ch4-succinate-d,succinate,dft/results/h7sialo7/sialh-b3lyp.freq.log;dft/results/h4c4o4/h4c4o4.freq.log,,dft/results/h11c4sialo11/sialhsu-b3lyp.freq.log,B3LYP,6-31g*,electronic+ZPE,-1518.587904000000,,-1518.703901000000,,,-304.550,,true,unmatched,"Chapter 4 reaction-energy candidate; no TS log exists, so barriers are blank. Thesis=-72.8 kcal/mol; parsed=-72.8 kcal/mol; delta=+0.01 kcal/mol."
ch4-succinate-e,ch4-succinate-e,succinate,dft/results/h7sialo7+h2o/sialhw-b3lyp.freq.log;dft/results/h4c4o4/h4c4o4.freq.log,,dft/results/h11c4sialo11+h2o/sialhsuw-b3lyp.freq.log,B3LYP,6-31g*,electronic+ZPE,-1595.003167000000,,-1595.140119000000,,,-359.567,,true,unmatched,"Chapter 4 reaction-energy candidate; no TS log exists, so barriers are blank. Thesis=-85.9 kcal/mol; parsed=-85.9 kcal/mol; delta=-0.04 kcal/mol."
ch4-succinate-f,ch4-succinate-f,succinate,dft/results/h11c4sialo11/sialhsu-b3lyp.freq.log;dft/results/h4o2/h4o2.freq.log,,dft/results/h11c4sialo11+h2o/sialhsuw-b3lyp.freq.log;dft/results/h2o/h2o.freq.log,B3LYP,6-31g*,electronic+ZPE,-1671.488063000000,,-1671.527719000000,,,-104.117,,true,unmatched,"Chapter 4 reaction-energy candidate; no TS log exists, so barriers are blank. Thesis=-24.9 kcal/mol; parsed=-24.9 kcal/mol; delta=+0.02 kcal/mol."
ch4-dimer-hydrolysis-a,ch4-dimer-hydrolysis-a,unliganded,dft/results/h6sialo7+h2o/sialw-b3lyp.freq.log,,dft/results/h4sio4/h4sio4.freq.log;dft/results/h4alo4/h4alo4.freq.log,B3LYP,6-31g*,electronic+ZPE,-1138.886309000000,,-1138.829294000000,,,149.693,,true,unmatched,"Chapter 4 reaction-energy candidate; no TS log exists, so barriers are blank. Thesis=35.8 kcal/mol; parsed=35.8 kcal/mol; delta=-0.02 kcal/mol."
ch4-dimer-hydrolysis-b,ch4-dimer-hydrolysis-b,unliganded,dft/results/h6sialo7+h2o/sialw-b3lyp.freq.log;dft/results/h2o/h2o.freq.log,,dft/results/h4sio4/h4sio4.freq.log;dft/results/h3alo3/h3alo3.freq.log;dft/results/h3o2/h3o2.freq.log,B3LYP,6-31g*,electronic+ZPE,-1215.273909000000,,-1215.099624000000,,,457.585,,true,unmatched,"Chapter 4 reaction-energy candidate; no TS log exists, so barriers are blank. Thesis=109.4 kcal/mol; parsed=109.4 kcal/mol; delta=-0.03 kcal/mol."
ch4-dimer-hydrolysis-c,ch4-dimer-hydrolysis-c,unliganded,dft/results/h7sialo7+h2o/sialhw-b3lyp.freq.log;dft/results/h2o/h2o.freq.log,,dft/results/h4sio4/h4sio4.freq.log;dft/results/h4alo4/h4alo4.freq.log;dft/results/h3o/h3o.freq.log,B3LYP,6-31g*,electronic+ZPE,-1215.777735000000,,-1215.481940000000,,,776.610,,true,unmatched,"Chapter 4 reaction-energy candidate; no TS log exists, so barriers are blank. Thesis=183.6 kcal/mol; parsed=185.6 kcal/mol; delta=+2.01 kcal/mol."
ch4-dimer-hydrolysis-d,ch4-dimer-hydrolysis-d,unliganded,dft/results/h7sialo7+h2o/sialhw-b3lyp.freq.log;dft/results/h2o/h2o.freq.log,,dft/results/h4sio4/h4sio4.freq.log;dft/results/h3alo3/h3alo3.freq.log;dft/results/h4o2/h4o2.freq.log,B3LYP,6-31g*,electronic+ZPE,-1215.777735000000,,-1215.709865000000,,,178.193,,true,unmatched,"Chapter 4 reaction-energy candidate; no TS log exists, so barriers are blank. Thesis=42.6 kcal/mol; parsed=42.6 kcal/mol; delta=-0.01 kcal/mol."
ch4-oxalate-hydrolysis-a,ch4-oxalate-hydrolysis-a,oxalate,dft/results/h6c2sialo11+h2o/sialoxw-b3lyp.freq.log,,dft/results/h4sio4/h4sio4.freq.log;dft/results/h4c2alo8/h4c2alo8.freq.log,B3LYP,6-31g*,electronic+ZPE,-1515.773640000000,,-1515.615164000000,,,416.079,,true,unmatched,"Chapter 4 reaction-energy candidate; no TS log exists, so barriers are blank. Thesis=99.4 kcal/mol; parsed=99.4 kcal/mol; delta=+0.05 kcal/mol."
ch4-oxalate-hydrolysis-b,ch4-oxalate-hydrolysis-b,oxalate,dft/results/h6c2sialo11+h2o/sialoxw-b3lyp.freq.log;dft/results/h2o/h2o.freq.log,,dft/results/h4sio4/h4sio4.freq.log;dft/results/h3c2alo7/h3c2alo7.freq.log;dft/results/h3o2/h3o2.freq.log,B3LYP,6-31g*,electronic+ZPE,-1592.161240000000,,-1592.255640000000,,,-247.847,,true,unmatched,"Chapter 4 reaction-energy candidate; no TS log exists, so barriers are blank. Thesis=-59.2 kcal/mol; parsed=-59.2 kcal/mol; delta=-0.04 kcal/mol."
ch4-oxalate-hydrolysis-c,ch4-oxalate-hydrolysis-c,oxalate,dft/results/h7c2sialo11+h2o/sialhoxw-b3lyp.freq.log;dft/results/h2o/h2o.freq.log,,dft/results/h4sio4/h4sio4.freq.log;dft/results/h3c2alo7/h3c2alo7.freq.log;dft/results/h4o2/h4o2.freq.log,B3LYP,6-31g*,electronic+ZPE,-1592.965795000000,,-1592.865881000000,,,262.324,,true,unmatched,"Chapter 4 reaction-energy candidate; no TS log exists, so barriers are blank. Thesis=62.7 kcal/mol; parsed=62.7 kcal/mol; delta=-0.00 kcal/mol."
ch4-oxalate-hydrolysis-d,ch4-oxalate-hydrolysis-d,oxalate,dft/results/h7c2sialo11+h2o/sialhoxw-b3lyp.freq.log;dft/results/h2o/h2o.freq.log,,dft/results/h4sio4/h4sio4.freq.log;dft/results/h4c2alo8/h4c2alo8.freq.log;dft/results/h3o/h3o.freq.log,B3LYP,6-31g*,electronic+ZPE,-1592.965795000000,,-1592.267810000000,,,1832.559,,true,unmatched,"Chapter 4 reaction-energy candidate; no TS log exists, so barriers are blank. Thesis=438.0 kcal/mol; parsed=438.0 kcal/mol; delta=-0.01 kcal/mol."
ch4-malonate-hydrolysis-a,ch4-malonate-hydrolysis-a,malonate,dft/results/h8c3sialo11+h2o/sialmaw-b3lyp.freq.log,,dft/results/h4sio4/h4sio4.freq.log;dft/results/h6c3alo8/h6c3alo8.freq.log,B3LYP,6-31g*,electronic+ZPE,-1555.064479000000,,-1555.003032000000,,,161.329,,true,unmatched,"Chapter 4 reaction-energy candidate; no TS log exists, so barriers are blank. Thesis=38.6 kcal/mol; parsed=38.6 kcal/mol; delta=-0.04 kcal/mol."
ch4-malonate-hydrolysis-b,ch4-malonate-hydrolysis-b,malonate,dft/results/h8c3sialo11+h2o/sialmaw-b3lyp.freq.log;dft/results/h2o/h2o.freq.log,,dft/results/h4sio4/h4sio4.freq.log;dft/results/h5c3alo7/h5c3alo7.freq.log;dft/results/h3o2/h3o2.freq.log,B3LYP,6-31g*,electronic+ZPE,-1631.452079000000,,-1631.541308000000,,,-234.271,,true,unmatched,"Chapter 4 reaction-energy candidate; no TS log exists, so barriers are blank. Thesis=-56.0 kcal/mol; parsed=-56.0 kcal/mol; delta=+0.01 kcal/mol."
ch4-malonate-hydrolysis-c,ch4-malonate-hydrolysis-c,malonate,dft/results/h9c3sialo11+h2o/sialhmaw-b3lyp.freq.log;dft/results/h2o/h2o.freq.log,,dft/results/h4sio4/h4sio4.freq.log;dft/results/h5c3alo7/h5c3alo7.freq.log;dft/results/h4o2/h4o2.freq.log,B3LYP,6-31g*,electronic+ZPE,-1632.242916000000,,-1632.151549000000,,,239.884,,true,unmatched,"Chapter 4 reaction-energy candidate; no TS log exists, so barriers are blank. Thesis=57.3 kcal/mol; parsed=57.3 kcal/mol; delta=+0.03 kcal/mol."
ch4-malonate-hydrolysis-d,ch4-malonate-hydrolysis-d,malonate,dft/results/h9c3sialo11+h2o/sialhmaw-b3lyp.freq.log;dft/results/h2o/h2o.freq.log,,dft/results/h4sio4/h4sio4.freq.log;dft/results/h6c3alo8/h6c3alo8.freq.log;dft/results/h3o/h3o.freq.log,B3LYP,6-31g*,electronic+ZPE,-1632.242916000000,,-1631.655678000000,,,1541.793,,true,unmatched,"Chapter 4 reaction-energy candidate; no TS log exists, so barriers are blank. Thesis=368.5 kcal/mol; parsed=368.5 kcal/mol; delta=-0.00 kcal/mol."
ch4-succinate-hydrolysis-a,ch4-succinate-hydrolysis-a,succinate,dft/results/h10c4sialo11+h2o/sialsuw-b3lyp.freq.log,,dft/results/h4sio4/h4sio4.freq.log;dft/results/h8c4alo8/h8c4alo8.freq.log,B3LYP,6-31g*,electronic+ZPE,-1594.342625000000,,-1594.439219000000,,,-253.608,,true,unmatched,"Chapter 4 reaction-energy candidate; no TS log exists, so barriers are blank. Thesis=-60.6 kcal/mol; parsed=-60.6 kcal/mol; delta=-0.01 kcal/mol."
ch4-succinate-hydrolysis-b,ch4-succinate-hydrolysis-b,succinate,dft/results/h10c4sialo11+h2o/sialsuw-b3lyp.freq.log;dft/results/h2o/h2o.freq.log,,dft/results/h4sio4/h4sio4.freq.log;dft/results/h7c4alo7/h7c4alo7.freq.log;dft/results/h3o2/h3o2.freq.log,B3LYP,6-31g*,electronic+ZPE,-1670.730225000000,,-1670.836330000000,,,-278.579,,true,unmatched,"Chapter 4 reaction-energy candidate; no TS log exists, so barriers are blank. Thesis=-66.6 kcal/mol; parsed=-66.6 kcal/mol; delta=+0.02 kcal/mol."
ch4-succinate-hydrolysis-c,ch4-succinate-hydrolysis-c,succinate,dft/results/h11c4sialo11+h2o/sialhsuw-b3lyp.freq.log;dft/results/h2o/h2o.freq.log,,dft/results/h4sio4/h4sio4.freq.log;dft/results/h7c4alo7/h7c4alo7.freq.log;dft/results/h4o2/h4o2.freq.log,B3LYP,6-31g*,electronic+ZPE,-1671.527719000000,,-1671.446571000000,,,213.054,,true,unmatched,"Chapter 4 reaction-energy candidate; no TS log exists, so barriers are blank. Thesis=50.9 kcal/mol; parsed=50.9 kcal/mol; delta=+0.02 kcal/mol."
ch4-succinate-hydrolysis-d,ch4-succinate-hydrolysis-d,succinate,dft/results/h11c4sialo11+h2o/sialhsuw-b3lyp.freq.log;dft/results/h2o/h2o.freq.log,,dft/results/h4sio4/h4sio4.freq.log;dft/results/h8c4alo8/h8c4alo8.freq.log;dft/results/h3o/h3o.freq.log,B3LYP,6-31g*,electronic+ZPE,-1671.527719000000,,-1671.091865000000,,,1144.335,,true,unmatched,"Chapter 4 reaction-energy candidate; no TS log exists, so barriers are blank. Thesis=273.5 kcal/mol; parsed=273.5 kcal/mol; delta=+0.00 kcal/mol."
ch4-overall-water,ch4-overall-water,unliganded,dft/results/h6sialo7/sial-b3lyp.freq.log;dft/results/h4o2/h4o2.freq.log,,dft/results/h4sio4/h4sio4.freq.log;dft/results/h4alo4/h4alo4.freq.log;dft/results/h2o/h2o.freq.log,B3LYP,6-31g*,electronic+ZPE,-1215.264586000000,,-1215.216894000000,,,125.215,,true,unmatched,"Chapter 4 reaction-energy candidate; no TS log exists, so barriers are blank. Thesis=29.9 kcal/mol; parsed=29.9 kcal/mol; delta=+0.03 kcal/mol."
ch4-overall-hydronium,ch4-overall-hydronium,unliganded,dft/results/h6sialo7/sial-b3lyp.freq.log;dft/results/h5o2/h5o2.freq.log,,dft/results/h4sio4/h4sio4.freq.log;dft/results/h3alo3/h3alo3.freq.log;dft/results/h4o2/h4o2.freq.log,B3LYP,6-31g*,electronic+ZPE,-1215.585885000000,,-1215.709865000000,,,-325.509,,true,unmatched,"Chapter 4 reaction-energy candidate; no TS log exists, so barriers are blank. Thesis=-77.8 kcal/mol; parsed=-77.8 kcal/mol; delta=+0.00 kcal/mol."
ch4-overall-oxalate-water,ch4-overall-oxalate-water,oxalate,dft/results/h6sialo7/sial-b3lyp.freq.log;dft/results/c2o4/c2o4.freq.log;dft/results/h4o2/h4o2.freq.log,,dft/results/h4sio4/h4sio4.freq.log;dft/results/h3c2alo7/h3c2alo7.freq.log;dft/results/h3o2/h3o2.freq.log,B3LYP,6-31g*,electronic+ZPE,-1592.250248000000,,-1592.255640000000,,,-14.157,,true,unmatched,"Chapter 4 reaction-energy candidate; no TS log exists, so barriers are blank. Thesis=-3.4 kcal/mol; parsed=-3.4 kcal/mol; delta=+0.02 kcal/mol."
ch4-overall-oxalate-hydronium,ch4-overall-oxalate-hydronium,oxalate,dft/results/h6sialo7/sial-b3lyp.freq.log;dft/results/c2o4/c2o4.freq.log;dft/results/h5o2/h5o2.freq.log,,dft/results/h4sio4/h4sio4.freq.log;dft/results/h3c2alo7/h3c2alo7.freq.log;dft/results/h4o2/h4o2.freq.log,B3LYP,6-31g*,electronic+ZPE,-1592.571547000000,,-1592.865881000000,,,-772.774,,true,unmatched,"Chapter 4 reaction-energy candidate; no TS log exists, so barriers are blank. Thesis=-184.7 kcal/mol; parsed=-184.7 kcal/mol; delta=+0.00 kcal/mol."
ch4-overall-malonate-water,ch4-overall-malonate-water,malonate,dft/results/h6sialo7/sial-b3lyp.freq.log;dft/results/h2c3o4/h2c3o4.freq.log;dft/results/h4o2/h4o2.freq.log,,dft/results/h4sio4/h4sio4.freq.log;dft/results/h5c3alo7/h5c3alo7.freq.log;dft/results/h3o2/h3o2.freq.log,B3LYP,6-31g*,electronic+ZPE,-1631.566740000000,,-1631.541308000000,,,66.772,,true,unmatched,"Chapter 4 reaction-energy candidate; no TS log exists, so barriers are blank. Thesis=16.0 kcal/mol; parsed=16.0 kcal/mol; delta=-0.04 kcal/mol."
ch4-overall-malonate-hydronium,ch4-overall-malonate-hydronium,malonate,dft/results/h6sialo7/sial-b3lyp.freq.log;dft/results/h2c3o4/h2c3o4.freq.log;dft/results/h5o2/h5o2.freq.log,,dft/results/h4sio4/h4sio4.freq.log;dft/results/h5c3alo7/h5c3alo7.freq.log;dft/results/h4o2/h4o2.freq.log,B3LYP,6-31g*,electronic+ZPE,-1631.888039000000,,-1632.151549000000,,,-691.845,,true,unmatched,"Chapter 4 reaction-energy candidate; no TS log exists, so barriers are blank. Thesis=-165.4 kcal/mol; parsed=-165.4 kcal/mol; delta=+0.04 kcal/mol."
ch4-overall-succinate-water,ch4-overall-succinate-water,succinate,dft/results/h6sialo7/sial-b3lyp.freq.log;dft/results/h4c4o4/h4c4o4.freq.log;dft/results/h4o2/h4o2.freq.log,,dft/results/h4sio4/h4sio4.freq.log;dft/results/h7c4alo7/h7c4alo7.freq.log;dft/results/h3o2/h3o2.freq.log,B3LYP,6-31g*,electronic+ZPE,-1670.877618000000,,-1670.836330000000,,,108.402,,true,unmatched,"Chapter 4 reaction-energy candidate; no TS log exists, so barriers are blank. Thesis=25.9 kcal/mol; parsed=25.9 kcal/mol; delta=+0.01 kcal/mol."
ch4-overall-succinate-hydronium,ch4-overall-succinate-hydronium,succinate,dft/results/h6sialo7/sial-b3lyp.freq.log;dft/results/h4c4o4/h4c4o4.freq.log;dft/results/h5o2/h5o2.freq.log,,dft/results/h4sio4/h4sio4.freq.log;dft/results/h7c4alo7/h7c4alo7.freq.log;dft/results/h4o2/h4o2.freq.log,B3LYP,6-31g*,electronic+ZPE,-1671.198917000000,,-1671.446571000000,,,-650.215,,true,unmatched,"Chapter 4 reaction-energy candidate; no TS log exists, so barriers are blank. Thesis=-155.5 kcal/mol; parsed=-155.4 kcal/mol; delta=+0.09 kcal/mol."
