host,run_id,run_started_utc,temperature_K,delta_mu_si,delta_mu_al,steps,seed,done_sentinel,required_files_present,results_lines,surfAl_lines,surfSi_lines,bytes
hotrox,932951264,1999-07-26T01:07:44+00:00,5000.0,0.0,0.0,5000000,-2,false,true,5000,31,22,317732
hotrox,932957621,1999-07-26T02:53:41+00:00,5000.0,0.0,0.0,5000000,-2,false,true,5000,78,53,343197
hotrox,932971367,1999-07-26T06:42:47+00:00,5000.0,0.0,0.0,5000000,-2,false,true,5000,160,98,356383
hotrox,932997996,1999-07-26T14:06:36+00:00,5000.0,0.0,0.0,5000000,-2,false,true,5000,329,204,381878
hotrox,933126853,1999-07-28T01:54:13+00:00,5000.0,0.0,0.0,5000000,-2,false,true,5000,160,98,356383
hotrox,933189176,1999-07-28T19:12:56+00:00,5000.0,0.0,0.0,5000000,-2,false,true,5000,154,109,367389
hotrox,933221409,1999-07-29T04:10:09+00:00,5000.0,0.0,0.0,5000000,-2,false,true,5000,181,138,371823
hotrox,933260036,1999-07-29T14:53:56+00:00,5000.0,0.0,0.0,5000000,-2,false,false,3249,,,244234
hotrox,933297368,1999-07-30T01:16:08+00:00,5000.0,0.0,0.0,5000000,-2,false,true,5000,289,191,377963
hotrox,933345948,1999-07-30T14:45:48+00:00,5000.0,0.0,0.0,500000,-2,false,true,500,230,153,66417
hotrox,933351388,1999-07-30T16:16:28+00:00,5000.0,0.0,0.0,1000000,-2,false,true,1000,251,173,101093
hotrox,933361899,1999-07-30T19:11:39+00:00,5000.0,0.0,0.0,2000000,-2,false,true,2000,276,190,171292
hotrox,933383097,1999-07-31T01:04:57+00:00,5000.0,0.0,0.0,3000000,-2,false,true,3000,273,188,239560
hotrox,933414903,1999-07-31T09:55:03+00:00,5000.0,0.0,0.0,4000000,-2,false,true,4000,284,201,310352
hotrox,933461324,1999-07-31T22:48:44+00:00,5000.0,-0.5,-0.5,2000000,-5,false,true,2000,258,183,169934
hotrox,933483813,1999-08-01T05:03:33+00:00,5000.0,-0.5,-0.5,2000000,-77,false,true,2000,259,183,170948
hotrox,933506537,1999-08-01T11:22:17+00:00,5000.0,-0.5,-0.5,2000000,-30,false,true,2000,239,166,168187
hotrox,933528988,1999-08-01T17:36:28+00:00,5000.0,-0.5,-0.5,2000000,-12,false,true,2000,231,162,167823
hotrox,933551670,1999-08-01T23:54:30+00:00,5000.0,-0.5,-0.5,2000000,-8,false,true,2000,264,183,168619
hotrox,933574275,1999-08-02T06:11:15+00:00,5000.0,-0.5,-0.5,2000000,-14,false,true,2000,232,154,167951
hotrox,933596908,1999-08-02T12:28:28+00:00,5000.0,-0.5,-0.5,2000000,-10,false,true,2000,256,179,168170
hotrox,933619444,1999-08-02T18:44:04+00:00,5000.0,-0.5,-0.5,2000000,-40,false,true,2000,237,181,167524
hotrox,933641989,1999-08-03T00:59:49+00:00,5000.0,-0.5,-0.5,2000000,-33,false,true,2000,251,174,169093
hotrox,933664755,1999-08-03T07:19:15+00:00,5000.0,-0.5,-0.5,2000000,-102,false,true,2000,216,158,166963
hotrox,933688530,1999-08-03T13:55:30+00:00,5000.0,0,0,2000000,-5,false,true,2000,258,160,168764
hotrox,933731809,1999-08-04T01:56:49+00:00,5000.0,0,0,2000000,-77,false,true,2000,241,178,170428
hotrox,933759791,1999-08-04T09:43:11+00:00,5000.0,0,0,2000000,-30,false,true,2000,266,169,168828
hotrox,933788465,1999-08-04T17:41:05+00:00,5000.0,0,0,2000000,-12,false,true,2000,266,170,169229
hotrox,933827668,1999-08-05T04:34:28+00:00,5000.0,0,0,2000000,-8,false,true,2000,243,176,170640
hotrox,933848875,1999-08-05T10:27:55+00:00,5000.0,0,0,2000000,-14,false,true,2000,267,170,169416
hotrox,933892438,1999-08-05T22:33:58+00:00,5000.0,-0.5,-0.5,5000000,-5,false,true,5000,267,189,377617
hotrox,933963558,1999-08-06T18:19:18+00:00,5000.0,-0.5,-0.5,5000000,-77,false,true,5000,282,205,381619
hotrox,934049239,1999-08-07T18:07:19+00:00,5000.0,-0.5,-0.5,5000000,-30,false,true,5000,259,182,376047
hotrox,934152686,1999-08-08T22:51:26+00:00,5000.0,-0.5,-0.5,5000000,-12,false,true,5000,278,188,376198
hotrox,934261408,1999-08-10T05:03:28+00:00,5000.0,-0.5,-0.5,5000000,-8,false,true,5000,242,172,374917
hotrox,934355573,1999-08-11T07:12:53+00:00,5000.0,-0.5,-0.5,5000000,-14,false,true,5000,300,197,378317
hotrox,934440675,1999-08-12T06:51:15+00:00,5000.0,-0.5,-0.5,5000000,-10,false,true,5000,233,173,374134
hotrox,934524717,1999-08-13T06:11:57+00:00,5000.0,-0.5,-0.5,5000000,-40,false,true,5000,253,175,375691
hotrox,934617825,1999-08-14T08:03:45+00:00,5000.0,-0.5,-0.5,5000000,-33,false,true,5000,294,213,382426
hotrox,934742809,1999-08-15T18:46:49+00:00,5000.0,-0.5,-0.5,5000000,-102,false,true,5000,238,161,375523
hotrox,934850881,1999-08-17T00:48:01+00:00,5000.0,0,0,5000000,-5,false,true,5000,245,173,379073
hotrox,934958086,1999-08-18T06:34:46+00:00,5000.0,0,0,5000000,-77,false,true,5000,265,178,379333
hotrox,935077498,1999-08-19T15:44:58+00:00,5000.0,0,0,5000000,-30,true,true,5000,269,195,377285
hotrox,935195329,1999-08-21T00:28:49+00:00,5000.0,0,0,5000000,-12,true,true,5000,294,185,378660
hotrox,935262456,1999-08-21T19:07:36+00:00,5000.0,0,0,5000000,-8,true,true,5000,293,196,382323
hotrox,935319110,1999-08-22T10:51:50+00:00,5000.0,0,0,5000000,-14,true,true,5000,258,175,379223
hotrox,935372437,1999-08-23T01:40:37+00:00,5000.0,0,0,5000000,-10,true,true,5000,301,190,383584
hotrox,935426224,1999-08-23T16:37:04+00:00,5000.0,0,0,5000000,-40,true,true,5000,261,184,379238
hotrox,935479478,1999-08-24T07:24:38+00:00,5000.0,0,0,5000000,-33,false,true,5000,273,185,377362
hotrox,935532302,1999-08-24T22:05:02+00:00,5000.0,0,0,5000000,-102,false,true,5000,283,206,380490
hotrox,935630600,1999-08-26T01:23:20+00:00,5000.0,0.5,0.5,5000000,-5,false,true,5000,294,204,385053
hotrox,935731327,1999-08-27T05:22:07+00:00,5000.0,0.5,0.5,5000000,-77,false,true,5000,277,174,380250
hotrox,935829945,1999-08-28T08:45:45+00:00,5000.0,0.5,0.5,5000000,-30,false,true,5000,274,165,381838
hotrox,935875929,1999-08-28T21:32:09+00:00,5000.0,0.5,0.5,5000000,-12,false,true,5000,281,192,383090
hotrox,935942927,1999-08-29T16:08:47+00:00,5000.0,0.5,0.5,5000000,-8,false,true,5000,332,211,385006
hotrox,936043589,1999-08-30T20:06:29+00:00,5000.0,0.5,0.5,5000000,-14,false,true,5000,315,182,383403
hotrox,936093706,1999-08-31T10:01:46+00:00,5000.0,0.5,0.5,5000000,-10,false,true,5000,330,210,393851
hotrox,936182757,1999-09-01T10:45:57+00:00,5000.0,0.5,0.5,5000000,-40,false,true,5000,315,198,379628
hotrox,936284090,1999-09-02T14:54:50+00:00,5000.0,0.5,0.5,5000000,-33,false,true,5000,277,181,380091
hotrox,936387274,1999-09-03T19:34:34+00:00,5000.0,0.5,0.5,5000000,-102,false,true,5000,315,204,385533
hotrox,936930575,1999-09-10T02:29:35+00:00,5000,-1.0,-1.0,5000000,-2,false,true,5000,265,182,375715
hotrox,937052777,1999-09-11T12:26:17+00:00,5500,-1.0,-1.0,5000000,-2,false,true,5000,212,180,372238
hotrox,937172019,1999-09-12T21:33:39+00:00,6000,-1.0,-1.0,5000000,-2,false,true,5000,199,158,370865
hotrox,937288334,1999-09-14T05:52:14+00:00,6500,-1.0,-1.0,5000000,-2,false,true,5000,222,180,371485
hotrox,937398617,1999-09-15T12:30:17+00:00,7000,-1.0,-1.0,5000000,-2,false,true,5000,200,170,369182
jasper,933892971,1999-08-05T22:42:51+00:00,5000.0,-1.0,-1.0,5000000,-2,false,true,5000,265,182,375718
jasper,934011274,1999-08-07T07:34:34+00:00,5000.0,-0.9,-0.9,5000000,-2,false,true,5000,278,199,375129
jasper,934134365,1999-08-08T17:46:05+00:00,5000.0,-0.8,-0.8,5000000,-2,false,true,5000,226,174,373844
jasper,934237270,1999-08-09T22:21:10+00:00,5000.0,-0.7,-0.7,5000000,-2,false,true,5000,240,172,373977
jasper,934303155,1999-08-10T16:39:15+00:00,5000.0,-0.6,-0.6,5000000,-2,false,true,5000,280,174,377123
jasper,934371788,1999-08-11T11:43:08+00:00,5000.0,-0.5,-0.5,5000000,-2,false,true,5000,254,164,374394
jasper,934461648,1999-08-12T12:40:48+00:00,5000.0,-0.4,-0.4,5000000,-2,false,true,5000,307,208,378023
jasper,934580310,1999-08-13T21:38:30+00:00,5000.0,-0.3,-0.3,5000000,-2,false,true,5000,297,207,377451
jasper,934682820,1999-08-15T02:07:00+00:00,5000.0,-0.2,-0.2,5000000,-2,false,true,5000,242,166,379003
jasper,934782915,1999-08-16T05:55:15+00:00,5000.0,-0.1,-0.1,5000000,-2,false,true,5000,254,183,378679
jasper,934857661,1999-08-17T02:41:01+00:00,5000.0,-1.38777878078145e-16,-1.38777878078145e-16,5000000,-2,false,true,5000,329,204,381940
jasper,934954163,1999-08-18T05:29:23+00:00,5000.0,0.0999999999999999,0.0999999999999999,5000000,-2,false,true,5000,279,201,382556
jasper,935019643,1999-08-18T23:40:43+00:00,5000.0,0.2,0.2,5000000,-2,false,true,5000,249,173,376816
jasper,935083230,1999-08-19T17:20:30+00:00,5000.0,0.3,0.3,5000000,-2,false,true,5000,319,204,384368
jasper,935189733,1999-08-20T22:55:33+00:00,5000.0,0.4,0.4,5000000,-2,false,true,5000,301,201,387830
jasper,935297155,1999-08-22T04:45:55+00:00,5000.0,0.5,0.5,5000000,-2,false,true,5000,272,196,379784
jasper,935403030,1999-08-23T10:10:30+00:00,5000.0,0.6,0.6,5000000,-2,false,true,5000,271,198,383225
jasper,935507837,1999-08-24T15:17:17+00:00,5000.0,0.7,0.7,5000000,-2,false,true,5000,292,197,382216
jasper,935616400,1999-08-25T21:26:40+00:00,5000.0,0.8,0.8,5000000,-2,false,true,5000,362,231,390482
jasper,935726897,1999-08-27T04:08:17+00:00,5000.0,0.9,0.9,5000000,-2,false,true,5000,329,204,385422
jasper,935835145,1999-08-28T10:12:25+00:00,5000.0,1,1,5000000,-2,false,true,5000,305,208,386687
jasper,936930540,1999-09-10T02:29:00+00:00,5000,0.5,0.5,5000000,-2,false,true,5000,272,196,379781
jasper,937023845,1999-09-11T04:24:05+00:00,5500,0.5,0.5,5000000,-2,false,false,3445,,,253292
